benchmark_id,warmupTime,measurementTime,warmupIterations,measurementIterations,forks
HdrHistogram__HdrHistogram#bench.HdrHistogramEncodingBench.skinnyEncodeIntoCompressedByteBuffer#latencySeriesName=sparsed1&numberOfSignificantValueDigits=3,1 s,1 s,5,5,3
HdrHistogram__HdrHistogram#bench.HdrHistogramRecordingBench.rawConcurrentRecordingSpeed#,1 s,1 s,5,5,5
HdrHistogram__HdrHistogram#bench.HdrHistogramEncodingBench.encodeIntoCompressedByteBuffer#latencySeriesName=sparsed1&numberOfSignificantValueDigits=2,1 s,1 s,5,5,3
HdrHistogram__HdrHistogram#bench.HdrHistogramEncodingBench.encodeIntoCompressedByteBuffer#latencySeriesName=case1&numberOfSignificantValueDigits=2,1 s,1 s,5,5,3
HdrHistogram__HdrHistogram#bench.HdrHistogramEncodingBench.encodeIntoCompressedByteBuffer#latencySeriesName=case2&numberOfSignificantValueDigits=2,1 s,1 s,5,5,3
HdrHistogram__HdrHistogram#bench.HdrHistogramEncodingBench.encodeIntoCompressedByteBuffer#latencySeriesName=case3&numberOfSignificantValueDigits=3,1 s,1 s,5,5,3
HdrHistogram__HdrHistogram#bench.HdrHistogramEncodingBench.skinnyEncodeIntoCompressedByteBuffer#latencySeriesName=longestjHiccupLine&numberOfSignificantValueDigits=2,1 s,1 s,5,5,3
HdrHistogram__HdrHistogram#bench.HdrHistogramEncodingBench.roundtripCompressed#latencySeriesName=sparsed1&numberOfSignificantValueDigits=2,1 s,1 s,5,5,3
HdrHistogram__HdrHistogram#bench.HdrHistogramEncodingBench.roundtripCompressed#latencySeriesName=sumOfjHiccupLines&numberOfSignificantValueDigits=3,1 s,1 s,5,5,3
HdrHistogram__HdrHistogram#bench.HdrHistogramEncodingBench.skinnyEncodeIntoCompressedByteBuffer#latencySeriesName=shortestjHiccupLine&numberOfSignificantValueDigits=2,1 s,1 s,5,5,3
HdrHistogram__HdrHistogram#bench.HdrHistogramEncodingBench.skinnyEncodeIntoCompressedByteBuffer#latencySeriesName=sparsed2&numberOfSignificantValueDigits=2,1 s,1 s,5,5,3
HdrHistogram__HdrHistogram#bench.HdrHistogramEncodingBench.skinnyEncodeIntoCompressedByteBuffer#latencySeriesName=case2&numberOfSignificantValueDigits=3,1 s,1 s,5,5,3
HdrHistogram__HdrHistogram#bench.HdrHistogramEncodingBench.encodeIntoCompressedByteBuffer#latencySeriesName=sparsed2&numberOfSignificantValueDigits=2,1 s,1 s,5,5,3
HdrHistogram__HdrHistogram#bench.HdrHistogramEncodingBench.roundtripCompressed#latencySeriesName=sparsed2&numberOfSignificantValueDigits=2,1 s,1 s,5,5,3
HdrHistogram__HdrHistogram#bench.HdrHistogramEncodingBench.roundtripCompressed#latencySeriesName=case3&numberOfSignificantValueDigits=3,1 s,1 s,5,5,3
HdrHistogram__HdrHistogram#bench.HdrHistogramEncodingBench.roundtripCompressed#latencySeriesName=sparsed1&numberOfSignificantValueDigits=3,1 s,1 s,5,5,3
HdrHistogram__HdrHistogram#bench.HdrHistogramEncodingBench.skinnyEncodeIntoCompressedByteBuffer#latencySeriesName=shortestjHiccupLine&numberOfSignificantValueDigits=3,1 s,1 s,5,5,3
HdrHistogram__HdrHistogram#bench.HdrHistogramEncodingBench.skinnyEncodeIntoCompressedByteBuffer#latencySeriesName=case3&numberOfSignificantValueDigits=2,1 s,1 s,5,5,3
HdrHistogram__HdrHistogram#bench.HdrHistogramEncodingBench.roundtripCompressed#latencySeriesName=cubic&numberOfSignificantValueDigits=2,1 s,1 s,5,5,3
HdrHistogram__HdrHistogram#bench.HdrHistogramEncodingBench.encodeIntoCompressedByteBuffer#latencySeriesName=case3&numberOfSignificantValueDigits=2,1 s,1 s,5,5,3
JCTools__JCTools#org.jctools.jmh.collections.SetOps.contains#keyBound=2048&occupancy=512&size=1024&type=java.util.HashSet,1 s,1 s,3,5,5
JCTools__JCTools#org.jctools.jmh.latency.MpqBurstCost.burstCost#burstSize=100&consumerCount=1&qCapacity=132000&qType=SpscArrayQueue&warmup=true,1 s,1 s,10,10,5
JCTools__JCTools#org.jctools.jmh.latency.spsc.MpqRelaxedBurstCost.burstCost#burstSize=100&qType=SpscArrayQueue,1 s,1 s,10,10,5
JCTools__JCTools#org.jctools.jmh.baseline.SingleThreadedPoll.poll#qType=MpscArrayQueue,1 s,1 s,3,5,5
JCTools__JCTools#org.jctools.channels.spsc.SpscProxyChannelBenchmark.alignedPrimitiveArgsBaseline#limit=128000,1 s,1 s,10,10,5
JCTools__JCTools#org.jctools.jmh.latency.QueueBurstCost.burstCost#burstSize=100&consumerCount=1&qCapacity=132000&qType=SpmcArrayQueue&warmup=true,1 s,1 s,10,10,5
JCTools__JCTools#org.jctools.channels.spsc.SpscProxyChannelBenchmark.oneReferenceArgBaseline#limit=128000,1 s,1 s,10,10,5
JCTools__JCTools#org.jctools.jmh.latency.spsc.MpqRelaxedBurstCost.burstCost#burstSize=1&qType=SpmcArrayQueue,1 s,1 s,10,10,5
JCTools__JCTools#org.jctools.channels.spsc.SpscProxyChannelBenchmark.twoMixedLengthPrimitiveArgsBaseline#limit=128000,1 s,1 s,10,10,5
JCTools__JCTools#org.jctools.jmh.latency.spsc.MpqRelaxedBurstCost.burstCost#burstSize=10&qType=MpscArrayQueue,1 s,1 s,10,10,5
JCTools__JCTools#org.jctools.jmh.latency.spsc.MpqRelaxedBurstCost.burstCost#burstSize=1&qType=MpscArrayQueue,1 s,1 s,10,10,5
JCTools__JCTools#org.jctools.jmh.latency.spsc.MpqRelaxedBurstCost.burstCost#burstSize=1000&qType=MpscArrayQueue,1 s,1 s,10,10,5
JCTools__JCTools#org.jctools.jmh.latency.QueueBurstCost.burstCost#burstSize=100&consumerCount=1&qCapacity=132000&qType=MpmcArrayQueue&warmup=true,1 s,1 s,10,10,5
JCTools__JCTools#org.jctools.channels.spsc.SpscProxyChannelBenchmark.unalignedPrimitiveArgsBaseline#limit=128000,1 s,1 s,10,10,5
JCTools__JCTools#org.jctools.jmh.latency.MpqBurstCost.burstCost#burstSize=100&consumerCount=1&qCapacity=132000&qType=SpmcArrayQueue&warmup=true,1 s,1 s,10,10,5
JCTools__JCTools#org.jctools.channels.spsc.SpscProxyChannelBenchmark.oneReferenceArgBaseline#limit=1,1 s,1 s,10,10,5
JCTools__JCTools#org.jctools.channels.spsc.SpscProxyChannelBenchmark.tenMixedArgsBaseline#limit=128000,1 s,1 s,10,10,5
JCTools__JCTools#org.jctools.jmh.collections.SetOps.add#keyBound=2048&occupancy=512&size=1024&type=java.util.HashSet,1 s,1 s,3,5,5
JCTools__JCTools#org.jctools.jmh.baseline.QueueOfferPoll.offerAndPollLoops#burstSize=1&qCapacity=132000&qType=SpscArrayQueue,1 s,1 s,10,10,5
JCTools__JCTools#org.jctools.channels.mpsc.MpscProxyChannelBenchmark.oneReferenceArgBaseline#limit=10000,1 s,1 s,10,10,5
ReactiveX__RxJava#io.reactivex.rxjava3.core.CallableAsyncPerf.pipelineCompletable#,10 s,5 s,5,5,1
ReactiveX__RxJava#io.reactivex.rxjava3.core.StrictPerf.internal#count=1&cpu=100,10 s,1 s,5,5,1
ReactiveX__RxJava#io.reactivex.rxjava3.xmapz.FlowableConcatMapMaybeEmptyPerf.flowableDedicated#count=1000,10 s,1 s,5,5,1
ReactiveX__RxJava#io.reactivex.rxjava3.core.FlowableFlatMapCompletableAsyncPerf.flatMapCompletable#items=1000&maxConcurrency=8&work=1,10 s,1 s,5,5,1
ReactiveX__RxJava#io.reactivex.rxjava3.xmapz.FlowableConcatMapMaybeEmptyPerf.flowableDedicated#count=100,10 s,1 s,5,5,1
ReactiveX__RxJava#io.reactivex.rxjava3.core.FlattenRangePerf.observable#times=1000,10 s,1 s,5,5,1
ReactiveX__RxJava#io.reactivex.rxjava3.core.FlowableFlatMapCompletableAsyncPerf.flatMapCompletable#items=10000&maxConcurrency=128&work=10,10 s,1 s,5,5,1
ReactiveX__RxJava#io.reactivex.rxjava3.xmapz.FlowableConcatMapMaybePerf.flowablePlain#count=1000,10 s,1 s,5,5,1
ReactiveX__RxJava#io.reactivex.rxjava3.xmapz.FlowableConcatMapMaybeEmptyPerf.flowableDedicated#count=1000000,10 s,1 s,5,5,1
ReactiveX__RxJava#io.reactivex.rxjava3.xmapz.ObservableConcatMapCompletablePerf.observablePlain#count=1,10 s,1 s,5,5,1
ReactiveX__RxJava#io.reactivex.rxjava3.xmapz.ObservableFlatMapCompletablePerf.observableConvert#count=100000,10 s,1 s,5,5,1
ReactiveX__RxJava#io.reactivex.rxjava3.parallel.ParallelPerf.groupBy#compute=100&count=10000&parallelism=3,10 s,1 s,5,5,1
ReactiveX__RxJava#io.reactivex.rxjava3.core.FlowableFlatMapCompletableAsyncPerf.flatMapCompletable#items=1000000&maxConcurrency=1&work=10,10 s,1 s,5,5,1
ReactiveX__RxJava#io.reactivex.rxjava3.core.FlattenCrossMapPerf.flowable#times=1000,10 s,1 s,5,5,1
ReactiveX__RxJava#io.reactivex.rxjava3.core.XMapYPerf.obsFlatMapIterableAsObs1#times=10000,10 s,1 s,5,5,1
ReactiveX__RxJava#io.reactivex.rxjava3.xmapz.FlowableFlatMapMaybeEmptyPerf.flowableConvert#count=10000,10 s,1 s,5,5,1
ReactiveX__RxJava#io.reactivex.rxjava3.core.XMapYPerf.flowFlatMapMaybeAsFlow0#times=100000,10 s,1 s,5,5,1
ReactiveX__RxJava#io.reactivex.rxjava3.core.FlowableFlatMapCompletableAsyncPerf.flatMapCompletable#items=1000000&maxConcurrency=32&work=100,10 s,1 s,5,5,1
ReactiveX__RxJava#io.reactivex.rxjava3.xmapz.FlowableSwitchMapSinglePerf.flowableConvert#count=10,10 s,1 s,5,5,1
ReactiveX__RxJava#io.reactivex.rxjava3.core.XMapYPerf.flowFlatMapFlowable0#times=10,10 s,1 s,5,5,1
RoaringBitmap__RoaringBitmap#org.roaringbitmap.iteration.BatchIteratorBenchmark.batchIterateAsIntIterator#bufferSize=128&dirtiness=0.1&keys=512&runniness=0.5,10 s,10 s,5,5,5
RoaringBitmap__RoaringBitmap#org.roaringbitmap.combinedcardinality.CombinedCardinalityBenchmark.orCardinalityBaseline#scenario=SHIFTED,10 s,10 s,5,5,1
RoaringBitmap__RoaringBitmap#org.roaringbitmap.bithacking.UnsignedVSFlip.flipTimeAvg#key=65,10 s,10 s,5,5,5
RoaringBitmap__RoaringBitmap#org.roaringbitmap.iteration.BatchIteratorBenchmark.iterate#bufferSize=256&dirtiness=0.1&keys=128&runniness=0.25,10 s,10 s,5,5,5
RoaringBitmap__RoaringBitmap#org.roaringbitmap.iteration.BatchIteratorBenchmark.batchIterate#bufferSize=256&dirtiness=0.5&keys=256&runniness=0.5,10 s,10 s,5,5,5
RoaringBitmap__RoaringBitmap#org.roaringbitmap.iteration.BatchIteratorBenchmark.iterate#bufferSize=128&dirtiness=0.5&keys=512&runniness=0.1,10 s,10 s,5,5,5
RoaringBitmap__RoaringBitmap#org.roaringbitmap.iteration.BatchIteratorBenchmark.iterate#bufferSize=512&dirtiness=0.1&keys=2096&runniness=0.1,10 s,10 s,5,5,5
RoaringBitmap__RoaringBitmap#org.roaringbitmap.aggregation.andnot.worstcase.Roaring64BitmapBenchmark.inplace_andNot#,10 s,10 s,5,5,5
RoaringBitmap__RoaringBitmap#org.roaringbitmap.iteration.BatchIteratorBenchmark.batchIterate#bufferSize=64&dirtiness=0.25&keys=2096&runniness=0.25,10 s,10 s,5,5,5
RoaringBitmap__RoaringBitmap#org.roaringbitmap.equals.EqualsBenchmark.arrayVsArrayEquals#firstMismatch=0.1&size=2000,10 s,10 s,5,5,5
RoaringBitmap__RoaringBitmap#org.roaringbitmap.cardinality64.Cardinality64Benchmark.getCardinalityWithoutCache_Small#,10 s,10 s,5,5,5
RoaringBitmap__RoaringBitmap#org.roaringbitmap.iteration.BitmapIteratorBenchmark.forwardsBuffer#density=0.1,10 s,10 s,5,5,5
RoaringBitmap__RoaringBitmap#org.roaringbitmap.writer.WriteSequential.incrementalUseOrderedWriter#randomness=0.5&scenario=SPARSE&size=100000,10 s,10 s,5,5,5
RoaringBitmap__RoaringBitmap#org.roaringbitmap.iteration.BatchIteratorBenchmark.batchIterateAsIntIterator#bufferSize=64&dirtiness=0.5&keys=8&runniness=0.5,10 s,10 s,5,5,5
RoaringBitmap__RoaringBitmap#org.roaringbitmap.iteration.BatchIteratorBenchmark.batchIterate#bufferSize=512&dirtiness=0.1&keys=4096&runniness=0.1,10 s,10 s,5,5,5
RoaringBitmap__RoaringBitmap#org.roaringbitmap.iteration.BatchIteratorBenchmark.batchIterate#bufferSize=512&dirtiness=0.1&keys=8192&runniness=0.1,10 s,10 s,5,5,5
RoaringBitmap__RoaringBitmap#org.roaringbitmap.iteration.BatchIteratorBenchmark.batchIterate#bufferSize=256&dirtiness=0.5&keys=16384&runniness=0.1,10 s,10 s,5,5,5
RoaringBitmap__RoaringBitmap#org.roaringbitmap.iteration.BatchIteratorBenchmark.iterate#bufferSize=512&dirtiness=0.1&keys=4096&runniness=0.5,10 s,10 s,5,5,5
RoaringBitmap__RoaringBitmap#org.roaringbitmap.serialization.SerializationBenchmark.testSerialize#,10 s,10 s,5,5,5
RoaringBitmap__RoaringBitmap#org.roaringbitmap.iteration.BatchIteratorBenchmark.iterate#bufferSize=256&dirtiness=0.5&keys=512&runniness=0.25,10 s,10 s,5,5,5
apache__arrow#org.apache.arrow.vector.ipc.WriteChannelBenchmark.alignBenchmark#alignSize=1,10 s,10 s,5,5,5
apache__arrow#org.apache.arrow.memory.util.ArrowBufPointerBenchmarks.compareBenchmark#,10 s,10 s,5,5,5
apache__arrow#org.apache.arrow.vector.ipc.message.ArrowRecordBatchBenchmarks.createAndGetLength#,10 s,10 s,5,5,5
apache__arrow#org.apache.arrow.vector.Float8Benchmarks.readWriteBenchmark#,10 s,10 s,5,5,5
apache__arrow#org.apache.arrow.vector.ipc.WriteChannelBenchmark.alignBenchmark#alignSize=2,10 s,10 s,5,5,5
apache__arrow#org.apache.arrow.algorithm.search.ParallelSearcherBenchmarks.searchBenchmark#numThreads=1,10 s,10 s,5,5,5
apache__arrow#org.apache.arrow.vector.util.TransferPairBenchmarks.splitAndTransferVarcharVector#,10 s,10 s,5,5,5
apache__arrow#org.apache.arrow.vector.DecimalVectorBenchmarks.setBigEndianArrowBufBenchmark#,10 s,10 s,5,5,5
apache__arrow#org.apache.arrow.adapter.jdbc.JdbcAdapterBenchmarks.testJdbcToArrow#,10 s,10 s,5,5,5
apache__arrow#org.apache.arrow.vector.VariableWidthVectorBenchmarks.setSafeFromArray#,10 s,10 s,5,5,5
apache__arrow#org.apache.arrow.algorithm.search.ParallelSearcherBenchmarks.searchBenchmark#numThreads=5,10 s,10 s,5,5,5
apache__arrow#org.apache.arrow.vector.ipc.WriteChannelBenchmark.alignBenchmark#alignSize=3,10 s,10 s,5,5,5
apache__arrow#org.apache.arrow.adapter.jdbc.JdbcAdapterBenchmarks.consumeBenchmark#,10 s,10 s,5,5,5
apache__arrow#org.apache.arrow.vector.BitVectorHelperBenchmarks.loadValidityBufferAllOne#,10 s,10 s,5,5,5
apache__arrow#org.apache.arrow.vector.BitVectorHelperBenchmarks.getNullCountBenchmark#,10 s,10 s,5,5,5
apache__arrow#org.apache.arrow.vector.util.TransferPairBenchmarks.splitAndTransferIntVector#,10 s,10 s,5,5,5
apache__arrow#org.apache.arrow.vector.BitVectorHelperBenchmarks.allBitsNullBenchmark#,10 s,10 s,5,5,5
apache__arrow#org.apache.arrow.vector.VariableWidthVectorBenchmarks.getValueCapacity#,10 s,10 s,5,5,5
apache__arrow#org.apache.arrow.vector.Float8Benchmarks.copyFromBenchmark#,10 s,10 s,5,5,5
apache__arrow#org.apache.arrow.vector.BaseValueVectorBenchmarks.testComputeCombinedBufferSize#,10 s,10 s,5,5,5
apache__camel#org.apache.camel.itest.jmh.CaseInsensitiveMapTest.camelMapComplexCase#,10 s,10 s,5,5,5
apache__camel#org.apache.camel.itest.jmh.FastTypeConverterTest.typeConvertByteBufToArray#,10 s,10 s,5,5,5
apache__camel#org.apache.camel.itest.jmh.NormalizeUriTest.benchmarkSlow#,10 s,10 s,5,5,5
apache__camel#org.apache.camel.itest.jmh.TypeConverterTest.typeConvertStringToInputStream#,10 s,10 s,5,5,5
apache__camel#org.apache.camel.converter.ConverterBenchmarkTest.benchmarkConversionIntToLong#,10 s,10 s,5,5,5
apache__camel#org.apache.camel.itest.jmh.SimpleExpressionTest.simpleExpression#,10 s,10 s,5,5,5
apache__camel#org.apache.camel.itest.jmh.TypeConverterTest.typeConvertTheSameTypes#,10 s,10 s,5,5,5
apache__camel#org.apache.camel.itest.jmh.TypeConverterTest.typeConvertStringToDocument#,10 s,10 s,5,5,5
apache__camel#org.apache.camel.itest.jmh.SimpleMockPlaceholderTest.simpleMockPlaceholderTest#,10 s,10 s,5,5,5
apache__camel#org.apache.camel.itest.jmh.CaseInsensitiveMapTest.hashMapComplexCase#,10 s,10 s,5,5,5
apache__camel#org.apache.camel.itest.jmh.TypeConverterTest.typeConvertStringToByteArray#,10 s,10 s,5,5,5
apache__camel#org.apache.camel.itest.jmh.SlowTypeConverterTest.typeConvertByteBufToArray#,10 s,10 s,5,5,5
apache__camel#org.apache.camel.itest.jmh.SimpleMockTest.simpleMockTest#,10 s,10 s,5,5,5
apache__camel#org.apache.camel.itest.jmh.NormalizeUriTest.benchmarkFast#,10 s,10 s,5,5,5
apache__camel#org.apache.camel.itest.jmh.SimpleOperatorTest.simplePredicate#,10 s,10 s,5,5,5
apache__camel#org.apache.camel.itest.jmh.LoadTypeConvertersTest.load#,10 s,10 s,5,5,5
apache__camel#org.apache.camel.converter.ConverterBenchmarkTest.benchmarkConversionStringToChar#,10 s,10 s,5,5,5
apache__camel#org.apache.camel.itest.jmh.TypeConverterTest.typeConvertInputStreamToString#,10 s,10 s,5,5,5
apache__camel#org.apache.camel.itest.jmh.TypeConverterTest.typeConvertByteArrayToString#,10 s,10 s,5,5,5
apache__camel#org.apache.camel.itest.jmh.NormalizeUriTest.benchmarkFastSorted#,10 s,10 s,5,5,5
apache__hive#org.apache.hive.benchmark.vectorization.operators.VectorGroupByOperatorBench.testAggCount#aggregation=stddev_pop&dataType=double&evalMode=PARTIAL1&hasNulls=true&isRepeating=true&processMode=GLOBAL,1 s,1 s,5,5,1
apache__hive#org.apache.hive.benchmark.vectorization.operators.VectorGroupByOperatorBench.testAggCount#aggregation=min&dataType=timestamp&evalMode=PARTIAL1&hasNulls=false&isRepeating=true&processMode=HASH,1 s,1 s,5,5,1
apache__hive#org.apache.hive.benchmark.vectorization.operators.VectorGroupByOperatorBench.testAggCount#aggregation=stddev_pop&dataType=double&evalMode=COMPLETE&hasNulls=false&isRepeating=false&processMode=HASH,1 s,1 s,5,5,1
apache__hive#org.apache.hive.benchmark.vectorization.operators.VectorGroupByOperatorBench.testAggCount#aggregation=avg&dataType=double&evalMode=PARTIAL1&hasNulls=false&isRepeating=true&processMode=HASH,1 s,1 s,5,5,1
apache__hive#org.apache.hive.benchmark.vectorization.operators.VectorGroupByOperatorBench.testAggCount#aggregation=max&dataType=string&evalMode=COMPLETE&hasNulls=false&isRepeating=false&processMode=HASH,1 s,1 s,5,5,1
apache__hive#org.apache.hive.benchmark.vectorization.operators.VectorGroupByOperatorBench.testAggCount#aggregation=var_pop&dataType=double&evalMode=COMPLETE&hasNulls=false&isRepeating=false&processMode=GLOBAL,1 s,1 s,5,5,1
apache__hive#org.apache.hive.benchmark.vectorization.operators.VectorGroupByOperatorBench.testAggCount#aggregation=max&dataType=string&evalMode=FINAL&hasNulls=false&isRepeating=true&processMode=GLOBAL,1 s,1 s,5,5,1
apache__hive#org.apache.hive.benchmark.vectorization.operators.VectorGroupByOperatorBench.testAggCount#aggregation=stddev_pop&dataType=bigint&evalMode=PARTIAL1&hasNulls=true&isRepeating=true&processMode=GLOBAL,1 s,1 s,5,5,1
apache__hive#org.apache.hive.benchmark.vectorization.operators.VectorGroupByOperatorBench.testAggCount#aggregation=sum&dataType=bigint&evalMode=PARTIAL2&hasNulls=true&isRepeating=true&processMode=HASH,1 s,1 s,5,5,1
apache__hive#org.apache.hive.benchmark.vectorization.operators.VectorGroupByOperatorBench.testAggCount#aggregation=variance&dataType=double&evalMode=COMPLETE&hasNulls=true&isRepeating=true&processMode=GLOBAL,1 s,1 s,5,5,1
apache__hive#org.apache.hive.benchmark.vectorization.operators.VectorGroupByOperatorBench.testAggCount#aggregation=max&dataType=double&evalMode=PARTIAL1&hasNulls=true&isRepeating=false&processMode=HASH,1 s,1 s,5,5,1
apache__hive#org.apache.hive.benchmark.vectorization.mapjoin.MapJoinOneLongKeyBench.MapJoinOneLongKeyOuterNativeVectorOptimizedBench.bench#,1 s,1 ms,5,1,1
apache__hive#org.apache.hive.benchmark.storage.ColumnarStorageBench.write#format=orc,1 s,1 s,20,20,10
apache__hive#org.apache.hive.benchmark.vectorization.operators.VectorGroupByOperatorBench.testAggCount#aggregation=stddev_samp&dataType=double&evalMode=COMPLETE&hasNulls=true&isRepeating=true&processMode=HASH,1 s,1 s,5,5,1
apache__hive#org.apache.hive.benchmark.vectorization.operators.VectorGroupByOperatorBench.testAggCount#aggregation=max&dataType=double&evalMode=COMPLETE&hasNulls=false&isRepeating=true&processMode=HASH,1 s,1 s,5,5,1
apache__hive#org.apache.hive.benchmark.vectorization.operators.VectorGroupByOperatorBench.testAggCount#aggregation=avg&dataType=bigint&evalMode=COMPLETE&hasNulls=false&isRepeating=true&processMode=GLOBAL,1 s,1 s,5,5,1
apache__hive#org.apache.hive.benchmark.vectorization.operators.VectorGroupByOperatorBench.testAggCount#aggregation=avg&dataType=double&evalMode=PARTIAL1&hasNulls=true&isRepeating=false&processMode=GLOBAL,1 s,1 s,5,5,1
apache__hive#org.apache.hive.benchmark.vectorization.operators.VectorGroupByOperatorBench.testAggCount#aggregation=bloom_filter&dataType=bigint&evalMode=COMPLETE&hasNulls=true&isRepeating=true&processMode=HASH,1 s,1 s,5,5,1
apache__hive#org.apache.hive.benchmark.vectorization.operators.VectorGroupByOperatorBench.testAggCount#aggregation=stddev_samp&dataType=double&evalMode=PARTIAL1&hasNulls=false&isRepeating=false&processMode=HASH,1 s,1 s,5,5,1
apache__hive#org.apache.hive.benchmark.vectorization.mapjoin.MapJoinOneStringKeyBench.MapJoinOneStringKeyLeftSemiNativeVectorFastBench.bench#,1 s,1 ms,5,1,1
apache__kafka#org.apache.kafka.jmh.record.RecordBatchIterationBenchmark.measureIteratorForBatchWithSingleMessage#bufferSupplierStr=CREATE&bytes=RANDOM&compressionType=ZSTD&maxBatchSize=200&messageSize=1000&messageVersion=2,10 s,10 s,5,15,1
apache__kafka#org.apache.kafka.jmh.record.RecordBatchIterationBenchmark.measureSkipIteratorForVariableBatchSize#bufferSupplierStr=NO_CACHING&bytes=ONES&compressionType=GZIP&maxBatchSize=500&messageSize=100&messageVersion=1,10 s,10 s,5,15,1
apache__kafka#org.apache.kafka.jmh.record.RecordBatchIterationBenchmark.measureIteratorForBatchWithSingleMessage#bufferSupplierStr=NO_CACHING&bytes=RANDOM&compressionType=NONE&maxBatchSize=2&messageSize=1000&messageVersion=1,10 s,10 s,5,15,1
apache__kafka#org.apache.kafka.jmh.record.RecordBatchIterationBenchmark.measureStreamingIteratorForVariableBatchSize#bufferSupplierStr=CREATE&bytes=RANDOM&compressionType=NONE&maxBatchSize=50&messageSize=1000&messageVersion=1,10 s,10 s,5,15,1
apache__kafka#org.apache.kafka.jmh.record.CompressedRecordBatchValidationBenchmark.measureValidateMessagesAndAssignOffsetsCompressed#bufferSupplierStr=NO_CACHING&bytes=RANDOM&compressionType=ZSTD&maxBatchSize=10&messageSize=1000&messageVersion=2,10 s,10 s,5,15,1
apache__kafka#org.apache.kafka.jmh.record.RecordBatchIterationBenchmark.measureStreamingIteratorForVariableBatchSize#bufferSupplierStr=NO_CACHING&bytes=ONES&compressionType=LZ4&maxBatchSize=500&messageSize=1000&messageVersion=2,10 s,10 s,5,15,1
apache__kafka#org.apache.kafka.jmh.record.RecordBatchIterationBenchmark.measureSkipIteratorForVariableBatchSize#bufferSupplierStr=NO_CACHING&bytes=RANDOM&compressionType=GZIP&maxBatchSize=50&messageSize=1000&messageVersion=2,10 s,10 s,5,15,1
apache__kafka#org.apache.kafka.jmh.record.RecordBatchIterationBenchmark.measureStreamingIteratorForVariableBatchSize#bufferSupplierStr=CREATE&bytes=RANDOM&compressionType=LZ4&maxBatchSize=1&messageSize=100&messageVersion=1,10 s,10 s,5,15,1
apache__kafka#org.apache.kafka.jmh.record.RecordBatchIterationBenchmark.measureStreamingIteratorForVariableBatchSize#bufferSupplierStr=CREATE&bytes=RANDOM&compressionType=SNAPPY&maxBatchSize=2&messageSize=100&messageVersion=1,10 s,10 s,5,15,1
apache__kafka#org.apache.kafka.jmh.record.RecordBatchIterationBenchmark.measureIteratorForBatchWithSingleMessage#bufferSupplierStr=CREATE&bytes=RANDOM&compressionType=GZIP&maxBatchSize=2&messageSize=10000&messageVersion=2,10 s,10 s,5,15,1
apache__kafka#org.apache.kafka.jmh.record.RecordBatchIterationBenchmark.measureSkipIteratorForVariableBatchSize#bufferSupplierStr=NO_CACHING&bytes=RANDOM&compressionType=SNAPPY&maxBatchSize=10&messageSize=100000&messageVersion=2,10 s,10 s,5,15,1
apache__kafka#org.apache.kafka.jmh.record.RecordBatchIterationBenchmark.measureStreamingIteratorForVariableBatchSize#bufferSupplierStr=NO_CACHING&bytes=ONES&compressionType=SNAPPY&maxBatchSize=10&messageSize=1000&messageVersion=2,10 s,10 s,5,15,1
apache__kafka#org.apache.kafka.jmh.record.RecordBatchIterationBenchmark.measureIteratorForBatchWithSingleMessage#bufferSupplierStr=CREATE&bytes=RANDOM&compressionType=SNAPPY&maxBatchSize=500&messageSize=100&messageVersion=2,10 s,10 s,5,15,1
apache__kafka#org.apache.kafka.jmh.record.RecordBatchIterationBenchmark.measureIteratorForBatchWithSingleMessage#bufferSupplierStr=CREATE&bytes=RANDOM&compressionType=LZ4&maxBatchSize=500&messageSize=100&messageVersion=1,10 s,10 s,5,15,1
apache__kafka#org.apache.kafka.jmh.record.RecordBatchIterationBenchmark.measureSkipIteratorForVariableBatchSize#bufferSupplierStr=CREATE&bytes=RANDOM&compressionType=NONE&maxBatchSize=50&messageSize=100000&messageVersion=1,10 s,10 s,5,15,1
apache__kafka#org.apache.kafka.jmh.record.RecordBatchIterationBenchmark.measureStreamingIteratorForVariableBatchSize#bufferSupplierStr=CREATE&bytes=ONES&compressionType=ZSTD&maxBatchSize=200&messageSize=10000&messageVersion=2,10 s,10 s,5,15,1
apache__kafka#org.apache.kafka.jmh.record.RecordBatchIterationBenchmark.measureStreamingIteratorForVariableBatchSize#bufferSupplierStr=CREATE&bytes=RANDOM&compressionType=GZIP&maxBatchSize=10&messageSize=100000&messageVersion=1,10 s,10 s,5,15,1
apache__kafka#org.apache.kafka.jmh.record.RecordBatchIterationBenchmark.measureIteratorForBatchWithSingleMessage#bufferSupplierStr=NO_CACHING&bytes=ONES&compressionType=LZ4&maxBatchSize=2&messageSize=1000&messageVersion=2,10 s,10 s,5,15,1
apache__kafka#org.apache.kafka.jmh.record.RecordBatchIterationBenchmark.measureSkipIteratorForVariableBatchSize#bufferSupplierStr=NO_CACHING&bytes=RANDOM&compressionType=GZIP&maxBatchSize=50&messageSize=100000&messageVersion=1,10 s,10 s,5,15,1
apache__kafka#org.apache.kafka.jmh.record.RecordBatchIterationBenchmark.measureSkipIteratorForVariableBatchSize#bufferSupplierStr=CREATE&bytes=RANDOM&compressionType=NONE&maxBatchSize=200&messageSize=10000&messageVersion=1,10 s,10 s,5,15,1
apache__logging-log4j2#org.apache.logging.log4j.perf.jmh.AsyncAppenderLog4j2Benchmark.throughput5Params#configFileName=perf5AsyncApndMpscQNoLoc-noOpAppender.xml,10 s,10 s,10,20,1
apache__logging-log4j2#org.apache.logging.log4j.perf.jmh.MDCFilterBenchmark.baseline#size=4,10 s,10 s,5,5,5
apache__logging-log4j2#org.apache.logging.log4j.perf.jmh.AsyncLoggersBenchmark.throughput9Params#,10 s,10 s,5,5,5
apache__logging-log4j2#org.apache.logging.log4j.layout.template.json.JsonTemplateLayoutBenchmark.liteJsonTemplateLayout4JsonLayout#,10 s,10 s,5,5,5
apache__logging-log4j2#org.apache.logging.log4j.perf.jmh.AsyncLoggersBenchmark.throughput2Params#,10 s,10 s,5,5,5
apache__logging-log4j2#org.apache.logging.log4j.perf.jmh.AsyncAppenderLog4j2LocationBenchmark.throughputSimple#configFileName=perf5AsyncApndMpscQWithLoc-noOpAppender.xml,10 s,10 s,10,20,1
apache__logging-log4j2#org.apache.logging.log4j.perf.jmh.ClocksBenchmark.oldCachedClock#,10 s,10 s,5,5,5
apache__logging-log4j2#org.apache.logging.log4j.perf.jmh.AsyncAppenderLogbackBenchmark.throughput7Params#,10 s,10 s,5,5,5
apache__logging-log4j2#org.apache.logging.log4j.perf.jmh.FormatterLoggerBenchmark.throughputParameterizedDouble#,10 s,10 s,5,5,5
apache__logging-log4j2#org.apache.logging.log4j.perf.jmh.Log4j2AppenderComparisonBenchmark.appenderRewrite#,10 s,10 s,5,5,5
apache__logging-log4j2#org.apache.logging.log4j.perf.jmh.OutputBenchmark.redirect#,10 s,10 s,5,5,5
apache__logging-log4j2#org.apache.logging.log4j.perf.jmh.AsyncAppenderLog4j1Benchmark.throughput11Params#,10 s,10 s,5,5,5
apache__logging-log4j2#org.apache.logging.log4j.layout.template.json.JsonTemplateLayoutBenchmark.liteCustomJsonLayout#,10 s,10 s,5,5,5
apache__logging-log4j2#org.apache.logging.log4j.perf.jmh.DebugDisabledBenchmark.log4jClassicDebugStringConcatenation#,10 s,10 s,5,5,5
apache__logging-log4j2#org.apache.logging.log4j.perf.jmh.ThreadsafeDateFormatBenchmark.fastDateFormat#,10 s,10 s,5,5,5
apache__logging-log4j2#org.apache.logging.log4j.perf.jmh.PatternLayoutBenchmark.serializableMCD#,10 s,10 s,5,5,5
apache__logging-log4j2#org.apache.logging.log4j.layout.template.json.JsonTemplateLayoutBenchmark.fullCustomJsonLayout#,10 s,10 s,5,5,5
apache__logging-log4j2#org.apache.logging.log4j.perf.jmh.FileAppenderThrowableBenchmark.simpleThrowable#loggingConfiguration=LOG4J2_THROWABLE_ASYNC,3 s,3 s,3,3,1
apache__logging-log4j2#org.apache.logging.log4j.perf.jmh.ThreadContextBenchmark.legacyInjectWithoutProperties#count=500&threadContextMapAlias=NoGcOpenHash,1 s,1 s,5,5,1
apache__logging-log4j2#org.apache.logging.log4j.perf.jmh.MarkerFilterBenchmark.logbackTooFine#,10 s,10 s,5,5,5
apache__tinkerpop#org.apache.tinkerpop.jsr223.GremlinGroovyScriptEngineBenchmark.testEvalLongCached#,10 s,10 s,3,10,2
apache__tinkerpop#org.apache.tinkerpop.gremlin.process.TraversalConstructionBenchmark.constructLong#,10 s,10 s,3,10,2
apache__tinkerpop#org.apache.tinkerpop.gremlin.driver.SerializationBenchmark.testReadMessage1GraphSON#,200 ms,10 s,3,10,2
apache__tinkerpop#org.apache.tinkerpop.gremlin.driver.GraphBinaryReaderWriterBenchmark.writeBytecode1#,200 ms,10 s,3,10,2
apache__tinkerpop#org.apache.tinkerpop.gremlin.process.GraphTraversalBenchmark.g_V_outE_inV_outE_inV_outE_inV#,10 s,10 s,3,10,2
apache__tinkerpop#org.apache.tinkerpop.gremlin.process.TraversalConstructionBenchmark.testAddVAddEWithPropsChained#,10 s,10 s,3,10,2
apache__tinkerpop#org.apache.tinkerpop.gremlin.driver.GraphSONMapperBenchmark.readBytecode2#,200 ms,10 s,3,10,2
apache__tinkerpop#org.apache.tinkerpop.gremlin.process.TraversalConstructionBenchmark.testAddVWithPropsChained#,10 s,10 s,3,10,2
apache__tinkerpop#org.apache.tinkerpop.gremlin.process.GraphTraversalBenchmark.g_V_localXout_out_valuesXnameX_foldX#,10 s,10 s,3,10,2
apache__tinkerpop#org.apache.tinkerpop.gremlin.driver.GraphBinaryReaderWriterBenchmark.readP1#,200 ms,10 s,3,10,2
apache__tinkerpop#org.apache.tinkerpop.gremlin.process.TraversalConstructionBenchmark.constructMediumWithBindings#,10 s,10 s,3,10,2
apache__tinkerpop#org.apache.tinkerpop.gremlin.process.GraphTraversalBenchmark.g_E_hasLabelXwrittenByX_whereXinV_inEXsungByX_count_isX0XX_subgraphXsgX#,10 s,10 s,3,10,2
apache__tinkerpop#org.apache.tinkerpop.jsr223.GremlinGroovyScriptEngineBenchmark.testEvalShortNoCache#,10 s,10 s,3,10,2
apache__tinkerpop#org.apache.tinkerpop.gremlin.process.GraphTraversalBenchmark.g_V_repeatXoutX_timesX2X#,10 s,10 s,3,10,2
apache__tinkerpop#org.apache.tinkerpop.gremlin.driver.SerializationBenchmark.testWriteResponseBinary#,200 ms,10 s,3,10,2
apache__tinkerpop#org.apache.tinkerpop.jsr223.JavaTranslatorBenchmark.testTranslationWithStrategy#,10 s,10 s,3,10,2
apache__tinkerpop#org.apache.tinkerpop.gremlin.process.GraphMutateBenchmark.testAddVertexWithProps#,10 s,10 s,3,10,2
apache__tinkerpop#org.apache.tinkerpop.gremlin.process.GraphTraversalBenchmark.g_V_out_localXout_out_valuesXnameX_foldX#,10 s,10 s,3,10,2
apache__tinkerpop#org.apache.tinkerpop.gremlin.driver.GraphBinaryReaderWriterBenchmark.readBytecode2#,200 ms,10 s,3,10,2
apache__tinkerpop#org.apache.tinkerpop.gremlin.process.TraversalConstructionBenchmark.constructShort#,10 s,10 s,3,10,2
cantaloupe-project__cantaloupe#edu.illinois.library.cantaloupe.perf.processor.codec.TIFFImageWriterPerformance.testWriteWithPlanarImageAndEXIFMetadata#,1 s,1 s,5,5,1
cantaloupe-project__cantaloupe#edu.illinois.library.cantaloupe.perf.processor.JaiProcessorPerformance.readInfoWithPNG#,1 s,1 s,5,5,1
cantaloupe-project__cantaloupe#edu.illinois.library.cantaloupe.perf.processor.codec.BMPImageReaderPerformance.testReadRenderedWithArguments#,1 s,1 s,5,5,1
cantaloupe-project__cantaloupe#edu.illinois.library.cantaloupe.perf.processor.codec.GIFImageWriterPerformance.testWriteWithPlanarImage#,1 s,1 s,5,5,1
cantaloupe-project__cantaloupe#edu.illinois.library.cantaloupe.perf.processor.codec.PNGImageWriterPerformance.testWriteWithBufferedImageAndNativeMetadata#,1 s,1 s,5,5,1
cantaloupe-project__cantaloupe#edu.illinois.library.cantaloupe.perf.processor.codec.TIFFImageWriterPerformance.testWriteWithPlanarImage#,1 s,1 s,5,5,1
cantaloupe-project__cantaloupe#edu.illinois.library.cantaloupe.perf.processor.JaiProcessorPerformance.readInfoWithTIF#,1 s,1 s,5,5,1
cantaloupe-project__cantaloupe#edu.illinois.library.cantaloupe.perf.processor.PdfBoxProcessorPerformance.process#,1 s,1 s,5,5,1
cantaloupe-project__cantaloupe#edu.illinois.library.cantaloupe.perf.processor.codec.JPEGImageReaderPerformance.testGetNumImages#,1 s,1 s,5,5,1
cantaloupe-project__cantaloupe#edu.illinois.library.cantaloupe.perf.processor.codec.TIFFImageWriterPerformance.testWriteWithBufferedImageAndXMPMetadata#,1 s,1 s,5,5,1
cantaloupe-project__cantaloupe#edu.illinois.library.cantaloupe.perf.processor.ImageMagickProcessorPerformance.readInfoWithTIF#,1 s,1 s,5,5,1
cantaloupe-project__cantaloupe#edu.illinois.library.cantaloupe.perf.processor.FfmpegProcessorPerformance.readInfoWithAVI#,1 s,1 s,5,5,1
cantaloupe-project__cantaloupe#edu.illinois.library.cantaloupe.perf.processor.codec.TIFFImageWriterPerformance.testWriteWithPlanarImageAndXMPMetadata#,1 s,1 s,5,5,1
cantaloupe-project__cantaloupe#edu.illinois.library.cantaloupe.perf.processor.codec.JPEGImageReaderPerformance.testReadRendered#,1 s,1 s,5,5,1
cantaloupe-project__cantaloupe#edu.illinois.library.cantaloupe.perf.processor.codec.GIFImageReaderPerformance.testRead#,1 s,1 s,5,5,1
cantaloupe-project__cantaloupe#edu.illinois.library.cantaloupe.perf.processor.FfmpegProcessorPerformance.readInfoWithFLV#,1 s,1 s,5,5,1
cantaloupe-project__cantaloupe#edu.illinois.library.cantaloupe.perf.processor.codec.GIFImageWriterPerformance.testWriteWithSequence#,1 s,1 s,5,5,1
cantaloupe-project__cantaloupe#edu.illinois.library.cantaloupe.perf.processor.codec.GIFImageReaderPerformance.testGetNumImages#,1 s,1 s,5,5,1
cantaloupe-project__cantaloupe#edu.illinois.library.cantaloupe.perf.processor.Java2dProcessorPerformance.processWithBMP#,1 s,1 s,5,5,1
cantaloupe-project__cantaloupe#edu.illinois.library.cantaloupe.perf.processor.Java2dProcessorPerformance.processWithPNG#,1 s,1 s,5,5,1
crate__crate#io.crate.execution.engine.distribution.merge.SortedPagingIteratorBenchmark.measureListSort#,10 s,10 s,5,5,5
crate__crate#io.crate.data.join.RowsBatchIteratorBenchmark.measureConsumeNestedLoopJoin#,10 s,10 s,5,5,5
crate__crate#io.crate.operation.aggregation.HyperLogLogDistinctAggregationBenchmark.benchmarkHLLPlusPlusMurmur128#,10 s,10 s,2,5,2
crate__crate#io.crate.operation.aggregation.HyperLogLogDistinctAggregationBenchmark.benchmarkHLLPlusPlusMurmur64#,10 s,10 s,2,5,2
crate__crate#io.crate.analyze.PreExecutionBenchmark.measureParseAndAnalyzeSimpleSelect#,10 s,10 s,5,5,5
crate__crate#io.crate.execution.engine.reader.JsonReaderBenchmark.measureFileReadingIteratorForJson#,10 s,10 s,5,5,5
crate__crate#io.crate.execution.engine.distribution.merge.SortedPagingIteratorBenchmark.measurePagingIteratorWithoutRepeat#,10 s,10 s,5,5,5
crate__crate#io.crate.execution.engine.aggregation.GroupingLongCollectorBenchmark.measureGroupBySumLong#,10 s,10 s,2,5,2
crate__crate#io.crate.analyze.PreExecutionBenchmark.measureAnalyzeSimpleSelect#,10 s,10 s,5,5,5
crate__crate#io.crate.operation.aggregation.HyperLogLogDistinctAggregationBenchmark.benchmarkHLLAggregationOffHeap#,10 s,10 s,2,5,2
crate__crate#io.crate.analyze.PreExecutionBenchmark.measureParseAnalyzeAndPlanInsertFromValues#,10 s,10 s,5,5,5
crate__crate#io.crate.execution.engine.aggregation.GroupingLongCollectorBenchmark.measureGroupingOnNumericDocValues#,10 s,10 s,2,5,2
crate__crate#io.crate.analyze.PreExecutionBenchmark.measureParseSimpleSelect#,10 s,10 s,5,5,5
crate__crate#io.crate.data.join.RowsBatchIteratorBenchmark.measureConsumeHashInnerJoin#,10 s,10 s,5,5,5
crate__crate#io.crate.execution.engine.aggregation.AggregateCollectorBenchmark.measureAggregateCollector#,10 s,10 s,5,5,5
crate__crate#io.crate.execution.engine.collect.collectors.LuceneBatchIteratorBenchmark.measureConsumeLuceneBatchIterator#,10 s,10 s,5,5,5
crate__crate#io.crate.execution.engine.distribution.merge.SortedPagingIteratorBenchmark.measurePagingIteratorWithRepeat#,10 s,10 s,5,5,5
crate__crate#io.crate.execution.engine.reader.CsvReaderBenchmark.measureFileReadingIteratorForCSV#,10 s,10 s,5,5,5
crate__crate#io.crate.data.join.RowsBatchIteratorBenchmark.measureConsumeSkippingBatchIterator#,10 s,10 s,5,5,5
crate__crate#io.crate.operation.aggregation.HyperLogLogDistinctAggregationBenchmark.benchmarkHLLAggregationOnHeap#,10 s,10 s,2,5,2
eclipse-vertx__vert.x#io.vertx.benchmarks.JsonEncodeBenchmark.smallBufferDatabind#,1 s,2 s,20,10,1
eclipse-vertx__vert.x#io.vertx.benchmarks.HeadersContainsBenchmark.nettySmallExactMiss#,1 s,2 s,20,10,1
eclipse-vertx__vert.x#io.vertx.benchmarks.HeadersEncodeBenchmark.vertxSmall#,1 s,2 s,20,10,1
eclipse-vertx__vert.x#io.vertx.benchmarks.ConcurrentCyclicSequenceBenchmark.size2#,1 s,2 s,20,10,1
eclipse-vertx__vert.x#io.vertx.benchmarks.JsonDecodeBenchmark.smallBufferJackson#,1 s,2 s,20,10,1
eclipse-vertx__vert.x#io.vertx.benchmarks.HeadersContainsBenchmark.nettySmallMiss#,1 s,2 s,20,10,1
eclipse-vertx__vert.x#io.vertx.benchmarks.JsonEncodeBenchmark.wideBufferDatabind#,1 s,2 s,20,10,1
eclipse-vertx__vert.x#io.vertx.benchmarks.ConcurrentCyclicSequenceBenchmark.size4#,1 s,2 s,20,10,1
eclipse-vertx__vert.x#io.vertx.benchmarks.HeadersSetBenchmark.vertxSmall#,1 s,2 s,20,10,1
eclipse-vertx__vert.x#io.vertx.benchmarks.ContextBenchmark.runOnContextNoChecks#,1 s,2 s,20,10,1
eclipse-vertx__vert.x#io.vertx.benchmarks.JsonEncodeBenchmark.wideBufferJackson#,1 s,2 s,20,10,1
eclipse-vertx__vert.x#io.vertx.benchmarks.ConcurrentCyclicSequenceBenchmark.size16#,1 s,2 s,20,10,1
eclipse-vertx__vert.x#io.vertx.benchmarks.HeadersContainsBenchmark.vertxSmallMatch#,1 s,2 s,20,10,1
eclipse-vertx__vert.x#io.vertx.benchmarks.JsonEncodeBenchmark.deepBufferJackson#,1 s,2 s,20,10,1
eclipse-vertx__vert.x#io.vertx.benchmarks.HttpServerHandlerBenchmark.netty#,1 s,2 s,20,10,1
eclipse-vertx__vert.x#io.vertx.benchmarks.HeadersEncodeBenchmark.baseline#,1 s,2 s,20,10,1
eclipse-vertx__vert.x#io.vertx.benchmarks.ConcurrentCyclicSequenceBenchmark.size8#,1 s,2 s,20,10,1
eclipse-vertx__vert.x#io.vertx.benchmarks.HeadersContainsBenchmark.nettySmallExactMatch#,1 s,2 s,20,10,1
eclipse-vertx__vert.x#io.vertx.benchmarks.JsonEncodeBenchmark.smallStringDatabind#,1 s,2 s,20,10,1
eclipse-vertx__vert.x#io.vertx.benchmarks.HttpServerHandlerBenchmark.vertxOpt#,1 s,2 s,20,10,1
eclipse__eclipse-collections#org.eclipse.collections.impl.jmh.map.TroveMapPutTest.trove#isPresized=true&loadFactor=0.50&size=750000,10 s,10 s,5,5,5
eclipse__eclipse-collections#org.eclipse.collections.impl.jmh.map.ScalaAnyRefMapPutTest.scalaAnyRef#isPresized=false&loadFactor=0.75&size=5500000,10 s,10 s,5,5,5
eclipse__eclipse-collections#org.eclipse.collections.impl.jmh.map.TroveMapPutTest.trove#isPresized=false&loadFactor=0.45&size=1000000,10 s,10 s,5,5,5
eclipse__eclipse-collections#org.eclipse.collections.impl.jmh.MinTest.serial_lazy_streams_ec#,10 s,10 s,5,5,5
eclipse__eclipse-collections#org.eclipse.collections.impl.jmh.AggregateByTest.aggregateByProduct_parallel_eager_ec#,10 s,10 s,5,5,5
eclipse__eclipse-collections#org.eclipse.collections.impl.jmh.map.TroveMapPutTest.trove#isPresized=false&loadFactor=0.55&size=8750000,10 s,10 s,5,5,5
eclipse__eclipse-collections#org.eclipse.collections.impl.jmh.map.JdkMutableMapGetTest.get#size=7750000,10 s,10 s,5,5,5
eclipse__eclipse-collections#org.eclipse.collections.impl.jmh.map.TroveMapPutTest.trove#isPresized=true&loadFactor=0.55&size=2500000,10 s,10 s,5,5,5
eclipse__eclipse-collections#org.eclipse.collections.impl.jmh.map.ScalaAnyRefMapPutTest.scalaAnyRef#isPresized=false&loadFactor=0.75&size=4500000,10 s,10 s,5,5,5
eclipse__eclipse-collections#org.eclipse.collections.impl.jmh.map.EcImmutableMapGetTest.get#size=9250000,10 s,10 s,5,5,5
eclipse__eclipse-collections#org.eclipse.collections.impl.jmh.map.TroveMapPutTest.trove#isPresized=true&loadFactor=0.55&size=4250000,10 s,10 s,5,5,5
eclipse__eclipse-collections#org.eclipse.collections.impl.jmh.map.ChainMapPutTest.jdk#isPresized=false&loadFactor=0.70f&size=7250000,10 s,10 s,5,5,5
eclipse__eclipse-collections#org.eclipse.collections.impl.jmh.map.ChainMapPutTest.hppc#isPresized=false&loadFactor=0.75f&size=5000000,10 s,10 s,5,5,5
eclipse__eclipse-collections#org.eclipse.collections.impl.jmh.map.ChainMapPutTest.ec#isPresized=false&loadFactor=0.80f&size=3000000,10 s,10 s,5,5,5
eclipse__eclipse-collections#org.eclipse.collections.impl.jmh.map.TroveMapPutTest.trove#isPresized=true&loadFactor=0.55&size=4000000,10 s,10 s,5,5,5
eclipse__eclipse-collections#org.eclipse.collections.impl.jmh.map.ChainMapPutTest.ec#isPresized=true&loadFactor=0.80f&size=9750000,10 s,10 s,5,5,5
eclipse__eclipse-collections#org.eclipse.collections.impl.jmh.MinByDoubleTest.minByMarketValue_parallel_lazy_collect_methodref_jdk#,10 s,10 s,5,5,5
eclipse__eclipse-collections#org.eclipse.collections.impl.jmh.CollectIfTest.parallel_lazy_jdk#,10 s,10 s,5,5,5
eclipse__eclipse-collections#org.eclipse.collections.impl.jmh.map.KolobokeMutableMapGetTest.get#size=5500000,10 s,10 s,5,5,5
eclipse__eclipse-collections#org.eclipse.collections.impl.jmh.map.ChainMapPutTest.ec#isPresized=true&loadFactor=0.75f&size=750000,10 s,10 s,5,5,5
eclipse__jetty.project#org.eclipse.jetty.util.PoolStrategyBenchmark.testAcquireReleasePoolWithStrategy#CACHE=true&POOL_TYPE=Pool.Linear&SIZE=4,10 s,10 s,5,5,5
eclipse__jetty.project#org.eclipse.jetty.util.StringReplaceBenchmark.testJettyStringUtilReplaceSame#matches=3&size=100,1 s,1 s,4,4,3
eclipse__jetty.project#org.eclipse.jetty.util.StringReplaceBenchmark.testJavaStringReplaceReduce#matches=3&size=100,1 s,1 s,4,4,3
eclipse__jetty.project#org.eclipse.jetty.server.jmh.ListVsMapBenchmark.testHashMapAndLinkedList#length=11&lookups=30&mostly=hits&size=12,2000 ms,2000 ms,6,3,5
eclipse__jetty.project#org.eclipse.jetty.util.StringReplaceBenchmark.testJavaStringReplaceGrowth#matches=3&size=3,1 s,1 s,4,4,3
eclipse__jetty.project#org.eclipse.jetty.util.PoolStrategyBenchmark.testAcquireReleasePoolWithStrategy#CACHE=true&POOL_TYPE=Pool.RoundRobin&SIZE=16,10 s,10 s,5,5,5
eclipse__jetty.project#org.eclipse.jetty.util.StringReplaceBenchmark.testJettyStringUtilReplaceReduce#matches=3&size=3,1 s,1 s,4,4,3
eclipse__jetty.project#org.eclipse.jetty.util.StringReplaceBenchmark.testJettyStringUtilReplaceGrowth#matches=0&size=100,1 s,1 s,4,4,3
eclipse__jetty.project#org.eclipse.jetty.util.StringReplaceBenchmark.testJavaStringReplaceReduce#matches=0&size=3,1 s,1 s,4,4,3
eclipse__jetty.project#org.eclipse.jetty.http.jmh.HttpMethodBenchmark.testMapGet#,2000 ms,2000 ms,5,5,5
eclipse__jetty.project#org.eclipse.jetty.util.thread.jmh.ThreadPoolBenchmark.testMany#size=200&type=ETP,1000 ms,1000 ms,8,3,5
eclipse__jetty.project#org.eclipse.jetty.util.StringReplaceBenchmark.testJettyStringUtilReplaceGrowth#matches=1&size=3,1 s,1 s,4,4,3
eclipse__jetty.project#org.eclipse.jetty.server.jmh.ListVsMapBenchmark.testArrayList#length=11&lookups=10&mostly=misses&size=12,2000 ms,2000 ms,6,3,5
eclipse__jetty.project#org.eclipse.jetty.util.jmh.DateCacheBenchmark.testDateCacheTimestamp#,500 ms,500 ms,7,7,5
eclipse__jetty.project#org.eclipse.jetty.util.StringReplaceBenchmark.testJavaStringReplaceReduce#matches=1&size=3,1 s,1 s,4,4,3
eclipse__jetty.project#org.eclipse.jetty.util.StringReplaceBenchmark.testJettyStringUtilReplaceSame#matches=1&size=3,1 s,1 s,4,4,3
eclipse__jetty.project#org.eclipse.jetty.util.StringReplaceBenchmark.testJettyStringUtilReplaceGrowth#matches=0&size=1000,1 s,1 s,4,4,3
eclipse__jetty.project#org.eclipse.jetty.util.jmh.DateCacheNoTickBenchmark.testDateCacheFormatNow#,500 ms,500 ms,7,7,5
eclipse__jetty.project#org.eclipse.jetty.util.StringReplaceBenchmark.testJettyStringUtilReplaceReduce#matches=1&size=100,1 s,1 s,4,4,3
eclipse__jetty.project#org.eclipse.jetty.util.thread.jmh.ThreadPoolBenchmark.testFew#size=200&type=QTP,1000 ms,1000 ms,8,3,5
eclipse__rdf4j#org.eclipse.rdf4j.benchmark.QueryOrderBenchmark.selectAll#countk=250&limit=-1&syncThreshold=0,10 s,10 s,2,4,1
eclipse__rdf4j#org.eclipse.rdf4j.benchmark.QueryOrderBenchmark.selectDistinct#countk=100&limit=50000&syncThreshold=10000,10 s,10 s,2,4,1
eclipse__rdf4j#org.eclipse.rdf4j.benchmark.ReasoningBenchmark.forwardChainingSchemaCachingRDFSInferencerSchema#param=medium::544,10 s,10 s,20,10,1
eclipse__rdf4j#org.eclipse.rdf4j.benchmark.QueryOrderBenchmark.selectDistinct#countk=50&limit=1000&syncThreshold=10000,10 s,10 s,2,4,1
eclipse__rdf4j#org.eclipse.rdf4j.benchmark.QueryOrderBenchmark.selectAll#countk=250&limit=50000&syncThreshold=10000,10 s,10 s,2,4,1
eclipse__rdf4j#org.eclipse.rdf4j.benchmark.ReasoningBenchmark.noReasoningMultipleTransactions#param=simple::152,10 s,10 s,20,10,1
eclipse__rdf4j#org.eclipse.rdf4j.benchmark.QueryOrderBenchmark.selectDistinct#countk=50&limit=10&syncThreshold=0,10 s,10 s,2,4,1
eclipse__rdf4j#org.eclipse.rdf4j.benchmark.QueryOrderBenchmark.selectAll#countk=250&limit=10000&syncThreshold=0,10 s,10 s,2,4,1
eclipse__rdf4j#org.eclipse.rdf4j.benchmark.QueryOrderBenchmark.selectAll#countk=10&limit=50000&syncThreshold=10000,10 s,10 s,2,4,1
eclipse__rdf4j#org.eclipse.rdf4j.benchmark.ForwardChainingRDFSInferencerBenchmark.initialize#,10 s,10 s,5,5,5
eclipse__rdf4j#org.eclipse.rdf4j.benchmark.ReasoningBenchmark.noReasoningMultipleTransactions#param=longChain::5803,10 s,10 s,20,10,1
eclipse__rdf4j#org.eclipse.rdf4j.benchmark.ReasoningBenchmark.forwardChainingSchemaCachingRDFSInferencerSchema#param=moreRdfs::12180,10 s,10 s,20,10,1
eclipse__rdf4j#org.eclipse.rdf4j.benchmark.QueryOrderBenchmark.selectAll#countk=10&limit=10000&syncThreshold=0,10 s,10 s,2,4,1
eclipse__rdf4j#org.eclipse.rdf4j.benchmark.QueryOrderBenchmark.selectDistinct#countk=50&limit=50000&syncThreshold=0,10 s,10 s,2,4,1
eclipse__rdf4j#org.eclipse.rdf4j.benchmark.ReasoningBenchmark.forwardChainingSchemaCachingRDFSInferencerSchema#param=longChain::5803,10 s,10 s,20,10,1
eclipse__rdf4j#org.eclipse.rdf4j.benchmark.QueryOrderBenchmark.selectAll#countk=250&limit=10&syncThreshold=10000,10 s,10 s,2,4,1
eclipse__rdf4j#org.eclipse.rdf4j.benchmark.ReasoningBenchmark.noReasoning#param=medium::544,10 s,10 s,20,10,1
eclipse__rdf4j#org.eclipse.rdf4j.benchmark.QueryOrderBenchmark.selectAll#countk=50&limit=10000&syncThreshold=0,10 s,10 s,2,4,1
eclipse__rdf4j#org.eclipse.rdf4j.benchmark.QueryOrderBenchmark.selectDistinct#countk=10&limit=10000&syncThreshold=0,10 s,10 s,2,4,1
eclipse__rdf4j#org.eclipse.rdf4j.benchmark.QueryOrderBenchmark.selectDistinct#countk=100&limit=-1&syncThreshold=10000,10 s,10 s,2,4,1
h2oai__h2o-3#water.util.IcedHashMapBench.writeMap#arrayType=PrimitiveArray&array_values_length=10000&keyType=String&n_entries=10&valueType=Boolean,10 s,10 s,2,5,1
h2oai__h2o-3#water.ChunkBench.colsRowsRead#cols=10000&rows=100000,10 s,10 s,5,10,1
h2oai__h2o-3#water.util.IcedHashMapBench.writeMap#arrayType=Array&array_values_length=10000&keyType=String&n_entries=1000&valueType=String,10 s,10 s,2,5,1
h2oai__h2o-3#water.ChunkBench.rawArrayRead#cols=1000&rows=1000,10 s,10 s,5,10,1
h2oai__h2o-3#water.util.IcedHashMapBench.writeMap#arrayType=Array&array_values_length=10000&keyType=String&n_entries=100000&valueType=Boolean,10 s,10 s,2,5,1
h2oai__h2o-3#water.ChunkBench.colsRowsRead#cols=1000&rows=100000,10 s,10 s,5,10,1
h2oai__h2o-3#water.util.IcedHashMapBench.writeMap#arrayType=PrimitiveArray&array_values_length=10000&keyType=String&n_entries=100000&valueType=Boolean,10 s,10 s,2,5,1
h2oai__h2o-3#water.ChunkBench.colsRowsReadWithFinalChunk#cols=1000&rows=100000,10 s,10 s,5,10,1
h2oai__h2o-3#water.util.IcedHashMapBench.writeMap#arrayType=Array&array_values_length=100&keyType=String&n_entries=1000&valueType=String,10 s,10 s,2,5,1
h2oai__h2o-3#water.jdbc.SQLManagerBench.writeItem_double#rows=100&useRef=true,10 s,10 s,5,10,1
h2oai__h2o-3#water.util.IcedHashMapBench.writeMap#arrayType=None&array_values_length=1&keyType=String&n_entries=100000&valueType=String,10 s,10 s,2,5,1
h2oai__h2o-3#water.util.IcedHashMapBench.writeMap#arrayType=Array&array_values_length=10000&keyType=String&n_entries=10&valueType=String,10 s,10 s,2,5,1
h2oai__h2o-3#water.ChunkBench.rawArrayRead#cols=10000&rows=1000,10 s,10 s,5,10,1
h2oai__h2o-3#hex.tree.gbm.GbmMojoScoringBench.measureGbmScore0#rows=100000,10 s,10 s,3,10,1
h2oai__h2o-3#water.util.IcedHashMapBench.writeMap#arrayType=Array&array_values_length=100&keyType=String&n_entries=10&valueType=Boolean,10 s,10 s,2,5,1
h2oai__h2o-3#water.util.IcedHashMapBench.writeMap#arrayType=PrimitiveArray&array_values_length=10000&keyType=String&n_entries=1000&valueType=Boolean,10 s,10 s,2,5,1
h2oai__h2o-3#water.util.IcedHashMapBench.writeMap#arrayType=Array&array_values_length=10000&keyType=String&n_entries=1000&valueType=Boolean,10 s,10 s,2,5,1
h2oai__h2o-3#water.ChunkBench.colsRowsRead#cols=10000&rows=1000,10 s,10 s,5,10,1
h2oai__h2o-3#water.util.IcedHashMapBench.writeMap#arrayType=None&array_values_length=1&keyType=String&n_entries=10&valueType=Integer,10 s,10 s,2,5,1
h2oai__h2o-3#hex.AUCBuilderBench.perRow#nBins=40&nObs=1000,10 s,10 s,5,10,1
hazelcast__hazelcast#com.hazelcast.query.impl.bitmap.SparseBitSetIterateBenchmark.iterateRoaring#,10 s,10 s,5,5,5
hazelcast__hazelcast#com.hazelcast.internal.util.collection.OAHashSetBenchmark.add_hz_OAHashSet_withHash#size=10000,100 ms,100 ms,5,10,5
hazelcast__hazelcast#com.hazelcast.wan.impl.merkletree.ArrayMerkleTreeBenchmark.updateAdd_heap_1G#depth=16,100 ms,100 ms,10,10,5
hazelcast__hazelcast#com.hazelcast.internal.util.collection.OAHashSetBenchmark.clear#size=100,100 ms,100 ms,5,10,5
hazelcast__hazelcast#com.hazelcast.internal.util.collection.OAHashSetBenchmark.remove_hz_OAHashSet#size=1000,100 ms,100 ms,5,10,5
hazelcast__hazelcast#com.hazelcast.internal.util.collection.OAHashSetBenchmark.contains_java_HashSet#size=10000,100 ms,100 ms,5,10,5
hazelcast__hazelcast#com.hazelcast.wan.impl.merkletree.ArrayMerkleTreeBenchmark.updateReplace#depth=16,100 ms,100 ms,10,10,5
hazelcast__hazelcast#com.hazelcast.internal.util.collection.OAHashSetBenchmark.contains_hz_OAHashSet#size=1000,100 ms,100 ms,5,10,5
hazelcast__hazelcast#com.hazelcast.query.impl.bitmap.SparseBitSetAddBenchmark.sequentialAdd_Roaring#,10 s,10 s,5,5,5
hazelcast__hazelcast#com.hazelcast.wan.impl.merkletree.ArrayMerkleTreeBenchmark.clear_271#depth=10,100 ms,100 ms,10,10,5
hazelcast__hazelcast#com.hazelcast.internal.util.collection.OAHashSetBenchmark.contains_hz_OAHashSet#size=10,100 ms,100 ms,5,10,5
hazelcast__hazelcast#com.hazelcast.internal.util.collection.OAHashSetBenchmark.contains_hz_OAHashSet_withHash#size=10000,100 ms,100 ms,5,10,5
hazelcast__hazelcast#com.hazelcast.projection.QueryBenchmark.testSuppression#,10 s,10 s,2,5,1
hazelcast__hazelcast#com.hazelcast.internal.util.collection.OAHashSetBenchmark.contains_hz_OAHashSet#size=100000,100 ms,100 ms,5,10,5
hazelcast__hazelcast#com.hazelcast.internal.util.collection.OAHashSetBenchmark.contains_java_HashSet#size=100,100 ms,100 ms,5,10,5
hazelcast__hazelcast#com.hazelcast.query.impl.bitmap.BitmapIndexQueriesBenchmark.hashQueriesAnd#,10 s,10 s,5,5,5
hazelcast__hazelcast#com.hazelcast.internal.serialization.impl.portable.portablereader.DefaultPortableReaderBenchmark.read#,1 s,1 s,10,5,5
hazelcast__hazelcast#com.hazelcast.internal.util.collection.OAHashSetBenchmark.add_java_HashSet#size=1000000,100 ms,100 ms,5,10,5
hazelcast__hazelcast#com.hazelcast.wan.impl.merkletree.ArrayMerkleTreeBenchmark.updateAdd_heap_4G#depth=16,100 ms,100 ms,10,10,5
hazelcast__hazelcast#com.hazelcast.internal.util.collection.OAHashSetBenchmark.remove_java_HashSet#size=100000,100 ms,100 ms,5,10,5
imglib__imglib2#net.imglib2.parallel.ParallelizationBenchmark.multiThreaded#,200 ms,200 ms,5,5,1
imglib__imglib2#net.imglib2.loops.LoopPerformanceBenchmark.copy_loopBuilder#,100 ms,100 ms,4,8,1
imglib__imglib2#net.imglib2.loops.LoopPerformanceBenchmark.copy_flatIterable#,100 ms,100 ms,4,8,1
imglib__imglib2#net.imglib2.converter.RealTypeConvertersBenchmark.converter#srcType=DoubleType&targetType=DoubleType,1 s,1 s,20,20,10
imglib__imglib2#net.imglib2.loops.LoopPerformanceBenchmark.copy_pairedView#,100 ms,100 ms,4,8,1
imglib__imglib2#net.imglib2.loops.LoopPerformanceBenchmark.gradient_niceAndSlow#,100 ms,100 ms,4,8,1
imglib__imglib2#net.imglib2.loops.SyncedPositionablesBenchmark.benchmark2#,1 s,1 s,20,20,10
imglib__imglib2#net.imglib2.parallel.ParallelizationBenchmark.singleThreaded#,200 ms,200 ms,5,5,1
imglib__imglib2#net.imglib2.parallel.ParallelizationBenchmark.twoThreadsForkJoinPool#,200 ms,200 ms,5,5,1
imglib__imglib2#net.imglib2.util.FlatCollectionsBenchmark.benchmarkSumList#,1 s,1 s,20,20,10
imglib__imglib2#net.imglib2.loops.SyncedPositionablesBenchmark.benchmark6#,1 s,1 s,20,20,10
imglib__imglib2#net.imglib2.parallel.ParallelizationBenchmark.fixedThreadPool#,200 ms,200 ms,5,5,1
imglib__imglib2#net.imglib2.parallel.ParallelizationBenchmark.defaultBehavior#,200 ms,200 ms,5,5,1
imglib__imglib2#net.imglib2.loops.SyncedPositionablesBenchmark.benchmark4#,1 s,1 s,20,20,10
imglib__imglib2#net.imglib2.loops.LoopBuilderVsCursorsBenchmark.flatCopy#inputImage=ArrayImg&outputImage=ArrayImg,100 ms,100 ms,4,8,1
imglib__imglib2#net.imglib2.loops.SyncedPositionablesBenchmark.benchmark5#,1 s,1 s,20,20,10
imglib__imglib2#net.imglib2.loops.LoopPerformanceBenchmark.gradient_better#,100 ms,100 ms,4,8,1
imglib__imglib2#net.imglib2.loops.ClassCopyProviderBenchmark.sumMinMax_using_ClassCopyProvider#,1 s,1 s,20,20,10
imglib__imglib2#net.imglib2.loops.SyncedPositionablesBenchmark.benchmark3#,1 s,1 s,20,20,10
imglib__imglib2#net.imglib2.loops.LoopPerformanceBenchmark.gradient_LoopBuilder_MultiThreaded#,100 ms,100 ms,4,8,1
jdbi__jdbi#org.jdbi.v3.benchmark.CaseInsensitiveStringEqualsBenchmark.equalsIgnoreCaseOther#,2 s,5 s,5,5,1
jdbi__jdbi#org.jdbi.v3.benchmark.CaseInsensitiveStringEqualsBenchmark.equalsIgnoreCaseCopy#,2 s,5 s,5,5,1
jdbi__jdbi#org.jdbi.v3.benchmark.sqlobject.H2SqlObjectV3Benchmark.fluentInsertGeneratedKeyBindBean#,10 s,10 s,10,10,4
jdbi__jdbi#org.jdbi.v3.benchmark.sqlobject.H2SqlObjectV3Benchmark.sqlobjectSelectOne#,10 s,10 s,10,10,4
jdbi__jdbi#org.jdbi.v3.benchmark.sqlobject.PGSqlObjectV3Benchmark.sqlobjectInsertGeneratedKeyValues#,10 s,10 s,10,10,4
jdbi__jdbi#org.jdbi.v3.benchmark.sqlobject.PGSqlObjectV2Benchmark.fluentInsertGeneratedKeyValues#,10 s,10 s,10,10,4
jdbi__jdbi#org.jdbi.v3.core.EnumBenchmark.mapEnumCaseInsensitive#,2 s,5 s,5,5,1
jdbi__jdbi#org.jdbi.v3.benchmark.sqlobject.PGSqlObjectV2Benchmark.sqlobjectInsertGeneratedKeyValues#,10 s,10 s,10,10,4
jdbi__jdbi#org.jdbi.v3.benchmark.sqlobject.H2SqlObjectV2Benchmark.sqlobjectInsertGeneratedKeyValues#,10 s,10 s,10,10,4
jdbi__jdbi#org.jdbi.v3.benchmark.QualifiersBenchmark.mapUnqualifiedBean#,2 s,5 s,5,5,4
jdbi__jdbi#org.jdbi.v3.benchmark.sqlobject.H2SqlObjectV2Benchmark.fluentInsertGeneratedKeyBindBean#,10 s,10 s,10,10,4
jdbi__jdbi#org.jdbi.v3.benchmark.sqlobject.PGSqlObjectV3Benchmark.fluentInsertGeneratedKeyValues#,10 s,10 s,10,10,4
jdbi__jdbi#org.jdbi.v3.benchmark.sqlobject.H2SqlObjectV3Benchmark.attach#,10 s,10 s,10,10,4
jdbi__jdbi#org.jdbi.v3.benchmark.sqlobject.H2SqlObjectV3Benchmark.fluentSelectOne#,10 s,10 s,10,10,4
jdbi__jdbi#org.jdbi.v3.benchmark.QualifiersBenchmark.eq3To3#,2 s,5 s,5,5,4
jdbi__jdbi#org.jdbi.v3.benchmark.sqlobject.H2SqlObjectV2Benchmark.attach#,10 s,10 s,10,10,4
jdbi__jdbi#org.jdbi.v3.benchmark.BeanBindingBenchmark.batchJdbiMap#,2 s,5 s,5,5,4
jdbi__jdbi#org.jdbi.v3.benchmark.CaseInsensitiveStringEqualsBenchmark.stringEquals#,2 s,5 s,5,5,1
jdbi__jdbi#org.jdbi.v3.benchmark.QualifiersBenchmark.neq4To4#,2 s,5 s,5,5,4
jdbi__jdbi#org.jdbi.v3.benchmark.sqlobject.PGSqlObjectV3Benchmark.sqlobjectInsertRowCountBindBean#,10 s,10 s,10,10,4
jgrapht__jgrapht#org.jgrapht.perf.shortestpath.DeltaSteppingShortestPathPerformance.testBellmanFordBarabasiAlbert#m=500&m0=1000&numOfVertices=10000,10 s,10 s,3,8,1
jgrapht__jgrapht#org.jgrapht.perf.shortestpath.DeltaSteppingShortestPathPerformance.testBellmanFordGnp#numOfVertices=10000&p=0.05,10 s,10 s,3,8,1
jgrapht__jgrapht#org.jgrapht.perf.shortestpath.DeltaSteppingShortestPathPerformance.testDijkstraGnm#edgeDegree=500&numOfVertices=10000,10 s,10 s,3,8,1
jgrapht__jgrapht#org.jgrapht.perf.lca.LowestCommonAncestorAlgorithmPerformanceTest.BinaryLiftingLCARandomTreeBenchmark.run#,10 s,10 s,5,5,5
jgrapht__jgrapht#org.jgrapht.perf.lca.LowestCommonAncestorAlgorithmPerformanceTest.EulerTourRMQLCARandomTreeBenchmark.run#,10 s,10 s,5,5,5
jgrapht__jgrapht#org.jgrapht.perf.connectivity.TreeDynamicConnectivityPerformanceTest.testTreeDynamicConnectivity#treeSize=1000,1 s,1 s,1,5,3
jgrapht__jgrapht#org.jgrapht.perf.shortestpath.DeltaSteppingShortestPathPerformance.testBellmanFordWattsStogatz#k=1000&numOfVertices=10000&p=0.05,10 s,10 s,3,8,1
jgrapht__jgrapht#org.jgrapht.perf.clique.MaximalCliqueEnumerationPerformanceTest.PivotBronKerboschRandomGraphBenchmark.run#,10 s,10 s,5,5,5
jgrapht__jgrapht#org.jgrapht.perf.graph.GraphPerformanceTest.FastLookupDirectedGraphBenchmark.generateGraphBenchmark#,10 s,10 s,5,5,5
jgrapht__jgrapht#org.jgrapht.perf.shortestpath.DeltaSteppingShortestPathPerformance.testBellmanFordWattsStogatz#k=100&numOfVertices=10000&p=0.5,10 s,10 s,3,8,1
jgrapht__jgrapht#org.jgrapht.perf.flow.MaximumFlowAlgorithmPerformanceTest.PushRelabelMaximumFlowRandomGraphBenchmark.run#,10 s,10 s,5,5,5
jgrapht__jgrapht#org.jgrapht.perf.flow.MaximumFlowAlgorithmPerformanceTest.EdmondsKarpMaximumFlowRandomGraphBenchmark.run#,10 s,10 s,5,5,5
jgrapht__jgrapht#org.jgrapht.perf.shortestpath.DeltaSteppingShortestPathPerformance.testDijkstraGnm#edgeDegree=50&numOfVertices=10000,10 s,10 s,3,8,1
jgrapht__jgrapht#org.jgrapht.perf.graph.DirectedAcyclicGraphPerformanceTest.ArrayListDAGRandomGraphBenchmark.run#,10 s,10 s,5,5,5
jgrapht__jgrapht#org.jgrapht.perf.shortestpath.DeltaSteppingShortestPathPerformance.testBellmanFordComplete#numOfVertices=3000,10 s,10 s,3,8,1
jgrapht__jgrapht#org.jgrapht.perf.shortestpath.DeltaSteppingShortestPathPerformance.testBellmanFordGnm#edgeDegree=50&numOfVertices=10000,10 s,10 s,3,8,1
jgrapht__jgrapht#org.jgrapht.perf.shortestpath.KShortestPathsPerformance.testSuurballeKDisjointShortestPaths#k=50&n=100&numberOfQueries=20&p=0.3,10 s,10 s,3,8,1
jgrapht__jgrapht#org.jgrapht.perf.shortestpath.DeltaSteppingShortestPathPerformance.testDeltaSteppingComplete#numOfVertices=2000,10 s,10 s,3,8,1
jgrapht__jgrapht#org.jgrapht.perf.shortestpath.KShortestPathsPerformance.testEppsteinKShortestPaths#k=50&n=100&numberOfQueries=20&p=0.3,10 s,10 s,3,8,1
jgrapht__jgrapht#org.jgrapht.perf.shortestpath.DeltaSteppingShortestPathPerformance.testDijkstraComplete#numOfVertices=1000,10 s,10 s,3,8,1
netty__netty#io.netty.microbench.headers.HeadersBenchmark.httpAddAllFast#exampleHeader=TWENTYTWO,10 s,10 s,10,10,1
netty__netty#io.netty.microbenchmark.common.AppendableCharSequenceBenchmark.appendCheckBeforeCopy#charsInitSize=64&simulatedDataSize=10000,10 s,10 s,5,5,2
netty__netty#io.netty.buffer.CompositeByteBufRandomAccessBenchmark.setGetLong#bufferType=SMALL_CHUNKS&size=1024000,1 s,1 s,5,10,2
netty__netty#io.netty.microbench.buffer.ByteBufCopyBenchmark.setBytes#alignedCopyByteBuf=true&alignedCopyByteBuffer=true&directByteBuff=true&directByteBuffer=false&nativeOrderByteBuffer=true&pooledByteBuf=true&readonlyByteBuffer=false&size=7,10 s,10 s,10,10,2
netty__netty#io.netty.microbench.buffer.ByteBufCopyBenchmark.setBytes#alignedCopyByteBuf=false&alignedCopyByteBuffer=false&directByteBuff=true&directByteBuffer=false&nativeOrderByteBuffer=false&pooledByteBuf=false&readonlyByteBuffer=false&size=128,10 s,10 s,10,10,2
netty__netty#io.netty.microbench.buffer.ByteBufCopyBenchmark.setBytes#alignedCopyByteBuf=false&alignedCopyByteBuffer=true&directByteBuff=false&directByteBuffer=true&nativeOrderByteBuffer=false&pooledByteBuf=true&readonlyByteBuffer=true&size=36,10 s,10 s,10,10,2
netty__netty#io.netty.microbench.buffer.ByteBufCopyBenchmark.setBytes#alignedCopyByteBuf=true&alignedCopyByteBuffer=true&directByteBuff=true&directByteBuffer=true&nativeOrderByteBuffer=false&pooledByteBuf=true&readonlyByteBuffer=true&size=7,10 s,10 s,10,10,2
netty__netty#io.netty.microbench.buffer.ByteBufCopyBenchmark.setBytes#alignedCopyByteBuf=true&alignedCopyByteBuffer=false&directByteBuff=false&directByteBuffer=false&nativeOrderByteBuffer=false&pooledByteBuf=false&readonlyByteBuffer=false&size=36,10 s,10 s,10,10,2
netty__netty#io.netty.util.DefaultAttributeMapBenchmark.hasAttributeIdentityHashMap#keyCount=8,1 s,1 s,5,5,2
netty__netty#io.netty.handler.codec.http2.Http2FrameWriterDataBenchmark.newWriter#padding=100&payloadSize=1024&pooled=true,10 s,10 s,5,5,1
netty__netty#io.netty.handler.codec.http2.Http2FrameWriterDataBenchmark.newWriter#padding=100&payloadSize=1048576&pooled=true,10 s,10 s,5,5,1
netty__netty#io.netty.microbench.buffer.ByteBufAllocatorBenchmark.defaultPooledHeapAllocAndFree#size=65536,10 s,10 s,10,10,2
netty__netty#io.netty.microbench.headers.HeadersBenchmark.httpIterate#exampleHeader=TWENTYTWO,10 s,10 s,10,10,1
netty__netty#io.netty.microbench.buffer.ByteBufAllocatorBenchmark.defaultPooledDirectAllocAndFree#size=01024,10 s,10 s,10,10,2
netty__netty#io.netty.microbenchmark.common.IsValidIpV6Benchmark.isValidIpV6AddressOld#ip=0:0:0:0:0:0:10.0.0.1,10 s,10 s,3,3,2
netty__netty#io.netty.microbench.buffer.ByteBufUtilBenchmark.decodeStringAscii#direct=true&length=8,10 s,10 s,5,10,2
netty__netty#io.netty.buffer.AbstractByteBufGetCharSequenceBenchmark.getCharSequence#bufferType=COMPOSITE&charsetName=US-ASCII&size=8,1 s,1 s,5,10,2
netty__netty#io.netty.microbench.internal.EscapeCsvBenchmark.escapeCsvOld#value=netty,10 s,10 s,3,3,2
netty__netty#io.netty.handler.codec.mqtt.MqttConnectReturnCodeBench.getViaSwitch#,5 s,5 s,5,5,2
netty__netty#io.netty.microbenchmark.common.AsciiStringBenchmark.hashCodeBenchBytesOld#size=100,10 s,10 s,5,5,2
openzipkin__zipkin#zipkin2.codec.CodecBenchmarks.readClientSpan_THRIFT#,1 s,1 s,10,5,3
openzipkin__zipkin#zipkin2.SpanBenchmarks.padLeft_17Chars#,1 s,1 s,10,5,3
openzipkin__zipkin#zipkin2.EndpointBenchmarks.parseIpv4_addr#,1 s,1 s,10,5,3
openzipkin__zipkin#zipkin2.elasticsearch.internal.BulkRequestBenchmarks.writeRequest_singleSpan#,1 s,1 s,10,5,3
openzipkin__zipkin#zipkin2.codec.ProtoCodecBenchmarks.bytes_wireDecoder#,1 s,1 s,10,5,3
openzipkin__zipkin#zipkin2.codec.CodecBenchmarks.writeClientSpan_PROTO3#,1 s,1 s,10,5,3
openzipkin__zipkin#zipkin2.internal.ReadBufferBenchmarks.readLong_localArray#,1 s,1 s,10,5,3
openzipkin__zipkin#zipkin2.codec.CodecBenchmarks.writeChineseSpan_THRIFT#,1 s,1 s,10,5,3
openzipkin__zipkin#zipkin2.internal.WriteBufferBenchmarks.utf8SizeInBytes_chinese#,1 s,1 s,10,5,3
openzipkin__zipkin#zipkin2.codec.JsonCodecBenchmarks.bytebuffer_zipkinDecoder#,1 s,1 s,10,5,3
openzipkin__zipkin#zipkin2.codec.CodecBenchmarks.readChineseSpan_PROTO3#,1 s,1 s,10,5,3
openzipkin__zipkin#zipkin2.codec.CodecBenchmarks.readTenClientSpans_JSON_V2#,1 s,1 s,10,5,3
openzipkin__zipkin#zipkin2.codec.CodecBenchmarks.writeChineseSpan_JSON_V2#,1 s,1 s,10,5,3
openzipkin__zipkin#zipkin2.internal.DelayLimiterBenchmarks.shouldInvoke_randomData#,1 s,1 s,10,5,3
openzipkin__zipkin#zipkin2.internal.ReadBufferBenchmarks.readLong_8arity#,1 s,1 s,10,5,3
openzipkin__zipkin#zipkin2.internal.WriteBufferBenchmarks.varIntSizeInBytes_32#,1 s,1 s,10,5,3
openzipkin__zipkin#zipkin2.codec.JsonCodecBenchmarks.bytes_jacksonDecoder#,1 s,1 s,10,5,3
openzipkin__zipkin#zipkin2.codec.ProtoCodecBenchmarks.bytebuffer_zipkinDecoder#,1 s,1 s,10,5,3
openzipkin__zipkin#zipkin2.SpanBenchmarks.buildClientSpan#,1 s,1 s,10,5,3
openzipkin__zipkin#zipkin2.codec.JsonCodecBenchmarks.bytebuffer_moshiDecoder#,1 s,1 s,10,5,3
prestodb__presto#com.facebook.presto.operator.BenchmarkBlockFlattener.benchmarkWithoutFlatten#blockSize=100000&nestedLevel=4&numberOfIterations=1000,500 ms,500 ms,10,10,3
prestodb__presto#com.facebook.presto.operator.BenchmarkBlockFlattener.benchmarkWithFlatten#blockSize=10000&nestedLevel=1&numberOfIterations=10&reuseArrays=true,500 ms,500 ms,10,10,3
prestodb__presto#com.facebook.presto.geospatial.serde.BenchmarkJtsGeometrySerde.serializeComplexMultipoint#,3 s,4 s,3,5,2
prestodb__presto#com.facebook.presto.operator.scalar.StringFunctionsBenchmark.benchmarkSubstringStart#ascii=true&length=10,500 ms,500 ms,4,5,1
prestodb__presto#com.facebook.presto.operator.repartition.BenchmarkPartitionedOutputOperator.optimizedAddPage#channelCount=1&enableCompression=true&hasNull=false&type=LONG_DECIMAL,500 ms,500 ms,10,10,3
prestodb__presto#com.facebook.presto.operator.BenchmarkWindowOperator.benchmark#numberOfPregroupedColumns=2&partitionsPerGroup=100&rowsPerPartition=10,1 s,2 s,5,10,3
prestodb__presto#com.facebook.presto.util.PagesSortBenchmark.runPagesMergeSortBenchmark#numMergeSources=16&numSortChannels=1&pagesCount=400&totalChannels=1,400 ms,400 ms,5,10,1
prestodb__presto#com.facebook.presto.operator.BenchmarkBlockFlattener.benchmarkWithFlatten#blockSize=10000&nestedLevel=4&numberOfIterations=1&reuseArrays=true,500 ms,500 ms,10,10,3
prestodb__presto#com.facebook.presto.operator.BenchmarkBlockFlattener.benchmarkWithFlatten#blockSize=1000&nestedLevel=4&numberOfIterations=10&reuseArrays=true,500 ms,500 ms,10,10,3
prestodb__presto#com.facebook.presto.operator.BenchmarkGroupByHash.addPagePreCompute#channelCount=10&dataType=BIGINT&groupByType=notDistinct&groupCount=3000000&hashEnabled=false,500 ms,500 ms,10,10,2
prestodb__presto#com.facebook.presto.operator.BenchmarkUnnestOperator.unnest#nestedType=array(bigint)|array(bigint)&positionsPerPage=1000&primitiveNullsRatio=0.2&replicateType=bigint&rowNullsRatio=0.0&withOrdinality=false,1000 ms,1000 ms,8,8,3
prestodb__presto#com.facebook.presto.geospatial.serde.BenchmarkJtsGeometrySerde.serializeSimpleMultiLineString#,3 s,4 s,3,5,2
prestodb__presto#com.facebook.presto.BenchmarkBoxedBoolean.primitive#,1 s,1 s,10,10,3
prestodb__presto#com.facebook.presto.sql.gen.InCodeGeneratorBenchmark.benchmark#inListCount=25&type=double,500 ms,500 ms,10,10,10
prestodb__presto#com.facebook.presto.operator.BenchmarkGroupByHash.addPagePreCompute#channelCount=5&dataType=BIGINT&groupByType=notDistinct&groupCount=3000000&hashEnabled=false,500 ms,500 ms,10,10,2
prestodb__presto#com.facebook.presto.operator.BenchmarkBlockFlattener.benchmarkWithoutFlatten#blockSize=1000000&nestedLevel=5&numberOfIterations=1000,500 ms,500 ms,10,10,3
prestodb__presto#com.facebook.presto.operator.repartition.BenchmarkPartitionedOutputOperator.optimizedAddPage#channelCount=1&enableCompression=true&hasNull=true&type=LONG_DECIMAL,500 ms,500 ms,10,10,3
prestodb__presto#com.facebook.presto.operator.BenchmarkBlockFlattener.benchmarkWithoutFlatten#blockSize=1000000&nestedLevel=2&numberOfIterations=1000,500 ms,500 ms,10,10,3
prestodb__presto#com.facebook.presto.operator.BenchmarkBlockFlattener.benchmarkWithFlatten#blockSize=100000&nestedLevel=2&numberOfIterations=1&reuseArrays=true,500 ms,500 ms,10,10,3
prestodb__presto#com.facebook.presto.operator.scalar.StringFunctionsBenchmark.benchmarkSubstringStartLengthFromEnd#ascii=false&length=10,500 ms,500 ms,4,5,1
prometheus__client_java#io.prometheus.benchmark.SummaryBenchmark.codahaleHistogramBenchmark#,1 s,1 s,20,20,10
prometheus__client_java#io.prometheus.benchmark.GaugeBenchmark.prometheusSimpleGaugeNoLabelsSetBenchmark#,1 s,1 s,20,20,10
prometheus__client_java#io.prometheus.benchmark.SummaryBenchmark.prometheusSimpleSummaryBenchmark#,1 s,1 s,20,20,10
prometheus__client_java#io.prometheus.benchmark.GaugeBenchmark.prometheusSimpleGaugeChildDecBenchmark#,1 s,1 s,20,20,10
prometheus__client_java#io.prometheus.benchmark.CounterBenchmark.prometheusCounterChildIncBenchmark#,1 s,1 s,20,20,10
prometheus__client_java#io.prometheus.benchmark.CounterBenchmark.prometheusCounterIncBenchmark#,1 s,1 s,20,20,10
prometheus__client_java#io.prometheus.benchmark.CounterBenchmark.prometheusSimpleCounterIncBenchmark#,1 s,1 s,20,20,10
prometheus__client_java#io.prometheus.benchmark.SummaryBenchmark.prometheusSimpleHistogramNoLabelsBenchmark#,1 s,1 s,20,20,10
prometheus__client_java#io.prometheus.benchmark.SummaryBenchmark.prometheusSimpleSummaryNoLabelsBenchmark#,1 s,1 s,20,20,10
prometheus__client_java#io.prometheus.benchmark.SummaryBenchmark.prometheusSummaryChildBenchmark#,1 s,1 s,20,20,10
prometheus__client_java#io.prometheus.benchmark.GaugeBenchmark.prometheusSimpleGaugeIncBenchmark#,1 s,1 s,20,20,10
prometheus__client_java#io.prometheus.benchmark.SummaryBenchmark.prometheusSimpleSummaryChildBenchmark#,1 s,1 s,20,20,10
prometheus__client_java#io.prometheus.benchmark.GaugeBenchmark.codahaleCounterDecBenchmark#,1 s,1 s,20,20,10
prometheus__client_java#io.prometheus.benchmark.SummaryBenchmark.prometheusSimpleHistogramChildBenchmark#,1 s,1 s,20,20,10
prometheus__client_java#io.prometheus.benchmark.GaugeBenchmark.prometheusSimpleGaugeChildSetBenchmark#,1 s,1 s,20,20,10
prometheus__client_java#io.prometheus.benchmark.CounterBenchmark.prometheusSimpleCounterChildIncBenchmark#,1 s,1 s,20,20,10
prometheus__client_java#io.prometheus.benchmark.GaugeBenchmark.prometheusGaugeChildSetBenchmark#,1 s,1 s,20,20,10
prometheus__client_java#io.prometheus.benchmark.SummaryBenchmark.prometheusSummaryBenchmark#,1 s,1 s,20,20,10
prometheus__client_java#io.prometheus.benchmark.GaugeBenchmark.prometheusSimpleGaugeNoLabelsDecBenchmark#,1 s,1 s,20,20,10
prometheus__client_java#io.prometheus.benchmark.GaugeBenchmark.prometheusGaugeChildIncBenchmark#,1 s,1 s,20,20,10
protostuff__protostuff#io.protostuff.benchmarks.StringSerializerBenchmark.builtInSerializer#stringLength=100000,1 s,1 s,5,10,1
protostuff__protostuff#io.protostuff.benchmarks.RuntimeSchemaBenchmark.runtime_sparse_serialize_1_int_field#,1 s,1 s,5,10,1
protostuff__protostuff#io.protostuff.benchmarks.StringSerializerBenchmark.bufferedSerializer#stringLength=100000,1 s,1 s,5,10,1
protostuff__protostuff#io.protostuff.benchmarks.RuntimeSchemaBenchmark.generated_serialize_10_int_field#,1 s,1 s,5,10,1
protostuff__protostuff#io.protostuff.benchmarks.StringSerializerBenchmark.bufferedRecycledSerializer#stringLength=1000,1 s,1 s,5,10,1
protostuff__protostuff#io.protostuff.benchmarks.StringSerializerBenchmark.bufferedSerializer#stringLength=1000,1 s,1 s,5,10,1
protostuff__protostuff#io.protostuff.benchmarks.RuntimeSchemaBenchmark.runtime_deserialize_1_int_field#,1 s,1 s,5,10,1
protostuff__protostuff#io.protostuff.benchmarks.StringSerializerBenchmark.builtInSerializer#stringLength=1000,1 s,1 s,5,10,1
protostuff__protostuff#io.protostuff.benchmarks.StringSerializerBenchmark.bufferedRecycledSerializer#stringLength=10000,1 s,1 s,5,10,1
protostuff__protostuff#io.protostuff.benchmarks.RuntimeSchemaBenchmark.runtime_serialize_1_int_field#,1 s,1 s,5,10,1
protostuff__protostuff#io.protostuff.benchmarks.StringSerializerBenchmark.bufferedSerializer#stringLength=100,1 s,1 s,5,10,1
protostuff__protostuff#io.protostuff.benchmarks.RuntimeSchemaBenchmark.runtime_serialize_10_int_fields#,1 s,1 s,5,10,1
protostuff__protostuff#io.protostuff.benchmarks.RuntimeSchemaBenchmark.runtime_sparse_serialize_10_int_fields#,1 s,1 s,5,10,1
protostuff__protostuff#io.protostuff.benchmarks.RuntimeSchemaBenchmark.runtime_sparse_deserialize_10_int_field#,1 s,1 s,5,10,1
protostuff__protostuff#io.protostuff.benchmarks.RuntimeSchemaBenchmark.baseline#,1 s,1 s,5,10,1
protostuff__protostuff#io.protostuff.benchmarks.StringSerializerBenchmark.bufferedSerializer#stringLength=1,1 s,1 s,5,10,1
protostuff__protostuff#io.protostuff.benchmarks.StringSerializerBenchmark.bufferedSerializer#stringLength=10000,1 s,1 s,5,10,1
protostuff__protostuff#io.protostuff.benchmarks.RuntimeSchemaBenchmark.generated_deserialize_1_int_field#,1 s,1 s,5,10,1
protostuff__protostuff#io.protostuff.benchmarks.StringSerializerBenchmark.bufferedRecycledSerializer#stringLength=10,1 s,1 s,5,10,1
protostuff__protostuff#io.protostuff.benchmarks.StringSerializerBenchmark.bufferedRecycledSerializer#stringLength=1,1 s,1 s,5,10,1
r2dbc__r2dbc-h2#io.r2dbc.h2.StagedResultSizeBenchmarks.preparedJdbc#resultSize=100,5000 ms,2000 ms,2,2,1
r2dbc__r2dbc-h2#io.r2dbc.h2.StagedResultSizeBenchmarks.preparedJdbc#resultSize=10,5000 ms,2000 ms,2,2,1
r2dbc__r2dbc-h2#io.r2dbc.h2.StagedResultSizeBenchmarks.simpleJdbc#resultSize=100,5000 ms,2000 ms,2,2,1
r2dbc__r2dbc-h2#io.r2dbc.h2.StagedResultSizeBenchmarks.simpleJdbc#resultSize=1,5000 ms,2000 ms,2,2,1
r2dbc__r2dbc-h2#io.r2dbc.h2.StagedResultSizeBenchmarks.simpleJdbc#resultSize=200,5000 ms,2000 ms,2,2,1
r2dbc__r2dbc-h2#io.r2dbc.h2.StagedResultSizeBenchmarks.parametrizedR2dbc#resultSize=100,5000 ms,2000 ms,2,2,1
r2dbc__r2dbc-h2#io.r2dbc.h2.StagedResultSizeBenchmarks.simpleR2dbc#resultSize=10,5000 ms,2000 ms,2,2,1
r2dbc__r2dbc-h2#io.r2dbc.h2.StagedResultSizeBenchmarks.preparedJdbc#resultSize=1,5000 ms,2000 ms,2,2,1
r2dbc__r2dbc-h2#io.r2dbc.h2.StatementBenchmarks.simpleJdbc#,5000 ms,2000 ms,2,2,1
r2dbc__r2dbc-h2#io.r2dbc.h2.StatementBenchmarks.parametrizedJdbc#,5000 ms,2000 ms,2,2,1
r2dbc__r2dbc-h2#io.r2dbc.h2.StatementBenchmarks.simpleR2dbc#,5000 ms,2000 ms,2,2,1
r2dbc__r2dbc-h2#io.r2dbc.h2.StagedResultSizeBenchmarks.simpleR2dbc#resultSize=200,5000 ms,2000 ms,2,2,1
r2dbc__r2dbc-h2#io.r2dbc.h2.StagedResultSizeBenchmarks.preparedJdbc#resultSize=200,5000 ms,2000 ms,2,2,1
r2dbc__r2dbc-h2#io.r2dbc.h2.StagedResultSizeBenchmarks.simpleR2dbc#resultSize=100,5000 ms,2000 ms,2,2,1
r2dbc__r2dbc-h2#io.r2dbc.h2.StagedResultSizeBenchmarks.parametrizedR2dbc#resultSize=10,5000 ms,2000 ms,2,2,1
r2dbc__r2dbc-h2#io.r2dbc.h2.StatementBenchmarks.parametrizedR2dbc#,5000 ms,2000 ms,2,2,1
r2dbc__r2dbc-h2#io.r2dbc.h2.StagedResultSizeBenchmarks.simpleR2dbc#resultSize=1,5000 ms,2000 ms,2,2,1
r2dbc__r2dbc-h2#io.r2dbc.h2.StagedResultSizeBenchmarks.parametrizedR2dbc#resultSize=200,5000 ms,2000 ms,2,2,1
r2dbc__r2dbc-h2#io.r2dbc.h2.StagedResultSizeBenchmarks.parametrizedR2dbc#resultSize=1,5000 ms,2000 ms,2,2,1
r2dbc__r2dbc-h2#io.r2dbc.h2.StagedResultSizeBenchmarks.simpleJdbc#resultSize=10,5000 ms,2000 ms,2,2,1
raphw__byte-buddy#net.bytebuddy.benchmark.ClassByExtensionBenchmark.benchmarkByteBuddyWithProxy#,1 s,1 s,20,20,10
raphw__byte-buddy#net.bytebuddy.benchmark.ClassByImplementationBenchmark.benchmarkJdkProxy#,1 s,1 s,20,20,10
raphw__byte-buddy#net.bytebuddy.benchmark.ClassByExtensionBenchmark.benchmarkByteBuddySpecialized#,1 s,1 s,20,20,10
raphw__byte-buddy#net.bytebuddy.benchmark.StubInvocationBenchmark.baseline#,1 s,1 s,20,20,10
raphw__byte-buddy#net.bytebuddy.benchmark.ClassByExtensionBenchmark.benchmarkByteBuddyWithAccessorAndReusedDelegatorWithTypePool#,1 s,1 s,20,20,10
raphw__byte-buddy#net.bytebuddy.benchmark.ClassByExtensionBenchmark.benchmarkByteBuddyWithProxyWithTypePool#,1 s,1 s,20,20,10
raphw__byte-buddy#net.bytebuddy.benchmark.SuperClassInvocationBenchmark.benchmarkByteBuddyWithProxy#,1 s,1 s,20,20,10
raphw__byte-buddy#net.bytebuddy.benchmark.TrivialClassCreationBenchmark.benchmarkJavassist#,1 s,1 s,20,20,10
raphw__byte-buddy#net.bytebuddy.benchmark.ClassByImplementationBenchmark.baseline#,1 s,1 s,20,20,10
raphw__byte-buddy#net.bytebuddy.benchmark.ClassByExtensionBenchmark.benchmarkByteBuddyWithProxyAndReusedDelegatorWithTypePool#,1 s,1 s,20,20,10
raphw__byte-buddy#net.bytebuddy.benchmark.ClassByExtensionBenchmark.benchmarkCglib#,1 s,1 s,20,20,10
raphw__byte-buddy#net.bytebuddy.benchmark.TrivialClassCreationBenchmark.benchmarkCglib#,1 s,1 s,20,20,10
raphw__byte-buddy#net.bytebuddy.benchmark.ClassByImplementationBenchmark.benchmarkCglib#,1 s,1 s,20,20,10
raphw__byte-buddy#net.bytebuddy.benchmark.ClassByExtensionBenchmark.benchmarkByteBuddyWithProxyAndReusedDelegator#,1 s,1 s,20,20,10
raphw__byte-buddy#net.bytebuddy.benchmark.ClassByExtensionBenchmark.benchmarkByteBuddyWithPrefixAndReusedDelegatorWithTypePool#,1 s,1 s,20,20,10
raphw__byte-buddy#net.bytebuddy.benchmark.ClassByExtensionBenchmark.benchmarkByteBuddyWithPrefix#,1 s,1 s,20,20,10
raphw__byte-buddy#net.bytebuddy.benchmark.TrivialClassCreationBenchmark.benchmarkJdkProxy#,1 s,1 s,20,20,10
raphw__byte-buddy#net.bytebuddy.benchmark.SuperClassInvocationBenchmark.benchmarkByteBuddySpecialized#,1 s,1 s,20,20,10
raphw__byte-buddy#net.bytebuddy.benchmark.SuperClassInvocationBenchmark.baseline#,1 s,1 s,20,20,10
raphw__byte-buddy#net.bytebuddy.benchmark.ClassByExtensionBenchmark.benchmarkByteBuddyWithAccessor#,1 s,1 s,20,20,10
yellowstonegames__SquidLib#squidpony.performance.DataStructureBenchmark.insertStringSquidMildOS3#NEED_TO_ENLARGE=1&SIZE=65536,10 s,10 s,6,4,1
yellowstonegames__SquidLib#squidpony.performance.MathBenchmark.measureMathAtan2#,10 s,10 s,5,5,1
yellowstonegames__SquidLib#squidpony.performance.HashBenchmark.BenchmarkState.measureHastyPointHash2D#,10 s,10 s,5,5,5
yellowstonegames__SquidLib#squidpony.performance.DataStructureBenchmark.insertStringGdxOM2#NEED_TO_ENLARGE=2&SIZE=65536,10 s,10 s,6,4,1
yellowstonegames__SquidLib#squidpony.performance.DataStructureBenchmark.insertIntegerSquidDefaultOS2#NEED_TO_ENLARGE=2&SIZE=65536,10 s,10 s,6,4,1
yellowstonegames__SquidLib#squidpony.performance.DataStructureBenchmark.insertStringLinkedHashMap#NEED_TO_ENLARGE=1&SIZE=65536,10 s,10 s,6,4,1
yellowstonegames__SquidLib#squidpony.performance.DataStructureBenchmark.insertIntegerLinkedHashMap2#NEED_TO_ENLARGE=1&SIZE=65536,10 s,10 s,6,4,1
yellowstonegames__SquidLib#squidpony.performance.DataStructureBenchmark.insertIntegerLinkedHashMap2#NEED_TO_ENLARGE=2&SIZE=65536,10 s,10 s,6,4,1
yellowstonegames__SquidLib#squidpony.performance.CoordPackerBenchmark.doPack#,10 s,10 s,5,3,1
yellowstonegames__SquidLib#squidpony.performance.HashBenchmark.BenchmarkState.measurePointHash6D#,10 s,10 s,5,5,5
yellowstonegames__SquidLib#squidpony.performance.WorldBenchmark.measureFast#,5 s,5 s,5,5,1
yellowstonegames__SquidLib#squidpony.performance.DataStructureBenchmark.insertIntegerLinkedHashMap#NEED_TO_ENLARGE=0&SIZE=65536,10 s,10 s,6,4,1
yellowstonegames__SquidLib#squidpony.performance.DataStructureBenchmark.insertStringLinkedHashMap2#NEED_TO_ENLARGE=2&SIZE=65536,10 s,10 s,6,4,1
yellowstonegames__SquidLib#squidpony.performance.DataStructureBenchmark.insertIntegerSquidOS#NEED_TO_ENLARGE=1&SIZE=65536,10 s,10 s,6,4,1
yellowstonegames__SquidLib#squidpony.performance.DataStructureBenchmark.insertIntegerSquidMildOM2#NEED_TO_ENLARGE=0&SIZE=65536,10 s,10 s,6,4,1
yellowstonegames__SquidLib#squidpony.performance.RNGBenchmark.measureXoRoR#,10 s,10 s,5,5,1
yellowstonegames__SquidLib#squidpony.performance.DataStructureBenchmark.insertStringLinkedHashMap#NEED_TO_ENLARGE=0&SIZE=65536,10 s,10 s,6,4,1
yellowstonegames__SquidLib#squidpony.performance.DataStructureBenchmark.insertStringSquidMildOM2#NEED_TO_ENLARGE=2&SIZE=65536,10 s,10 s,6,4,1
yellowstonegames__SquidLib#squidpony.performance.DataStructureBenchmark.insertIntegerSquidDefaultOS3#NEED_TO_ENLARGE=0&SIZE=65536,10 s,10 s,6,4,1
yellowstonegames__SquidLib#squidpony.performance.DataStructureBenchmark.insertIntegerSquidMildOM2#NEED_TO_ENLARGE=2&SIZE=65536,10 s,10 s,6,4,1
zalando__logbook#org.zalando.logbook.HttpLogFormatterBenchmark.defaultRequest#,10 s,10 s,5,5,1
zalando__logbook#org.zalando.logbook.json.JsonMediaTypeBenchmark.contentType2#,3 s,3 s,2,5,1
zalando__logbook#org.zalando.logbook.json.JsonMediaTypeBenchmark.contentType4#,3 s,3 s,2,5,1
zalando__logbook#org.zalando.logbook.LogbookBenchmark.noop#,10 s,10 s,2,5,1
zalando__logbook#org.zalando.logbook.HttpLogFormatterBenchmark.fastJsonResponse#,10 s,10 s,5,5,1
zalando__logbook#org.zalando.logbook.json.JsonMediaTypeBenchmark.contentType1#,3 s,3 s,2,5,1
zalando__logbook#org.zalando.logbook.HeaderBenchmark.autoconfigurationResponse#,10 s,10 s,5,5,1
zalando__logbook#org.zalando.logbook.HeaderBenchmark.replace2xRequest#,10 s,10 s,5,5,1
zalando__logbook#org.zalando.logbook.LogbookBenchmark.plain#,10 s,10 s,2,5,1
zalando__logbook#org.zalando.logbook.HeaderBenchmark.autoconfigurationRequest#,10 s,10 s,5,5,1
zalando__logbook#org.zalando.logbook.HeaderBenchmark.replace1xResponse#,10 s,10 s,5,5,1
zalando__logbook#org.zalando.logbook.HeaderBenchmark.replace2xResponse#,10 s,10 s,5,5,1
zalando__logbook#org.zalando.logbook.HttpLogFormatterBenchmark.jsonResponse#,10 s,10 s,5,5,1
zalando__logbook#org.zalando.logbook.LogbookBenchmark.json#,10 s,10 s,2,5,1
zalando__logbook#org.zalando.logbook.json.JsonMediaTypeBenchmark.contentType3#,3 s,3 s,2,5,1
zalando__logbook#org.zalando.logbook.HeaderBenchmark.replace1xRequest#,10 s,10 s,5,5,1
zalando__logbook#org.zalando.logbook.HttpLogFormatterBenchmark.fastJsonRequest#,10 s,10 s,5,5,1
zalando__logbook#org.zalando.logbook.HeaderBenchmark.replace2xResponseShopify#,10 s,10 s,5,5,1
zalando__logbook#org.zalando.logbook.HttpLogFormatterBenchmark.defaultResponse#,10 s,10 s,5,5,1
zalando__logbook#org.zalando.logbook.HttpLogFormatterBenchmark.jsonRequest#,10 s,10 s,5,5,1
