benchmark_id,warmupTime,measurementTime,warmupIterations,measurementIterations,forks
HdrHistogram__HdrHistogram#bench.HdrHistogramEncodingBench.encodeIntoCompressedByteBuffer#latencySeriesName=sparsed1&numberOfSignificantValueDigits=2,1 s,1 s,5,5,3
HdrHistogram__HdrHistogram#bench.HdrHistogramEncodingBench.encodeIntoCompressedByteBuffer#latencySeriesName=case1&numberOfSignificantValueDigits=2,1 s,1 s,5,5,3
HdrHistogram__HdrHistogram#bench.HdrHistogramEncodingBench.encodeIntoCompressedByteBuffer#latencySeriesName=case2&numberOfSignificantValueDigits=2,1 s,1 s,5,5,3
HdrHistogram__HdrHistogram#bench.HdrHistogramEncodingBench.encodeIntoCompressedByteBuffer#latencySeriesName=case3&numberOfSignificantValueDigits=3,1 s,1 s,5,5,3
HdrHistogram__HdrHistogram#bench.HdrHistogramEncodingBench.encodeIntoCompressedByteBuffer#latencySeriesName=case3&numberOfSignificantValueDigits=2,1 s,1 s,5,5,3
JCTools__JCTools#org.jctools.channels.spsc.SpscProxyChannelBenchmark.alignedPrimitiveArgsBaseline#limit=128000,1 s,1 s,10,10,5
JCTools__JCTools#org.jctools.channels.spsc.SpscProxyChannelBenchmark.oneReferenceArgBaseline#limit=128000,1 s,1 s,10,10,5
JCTools__JCTools#org.jctools.channels.spsc.SpscProxyChannelBenchmark.oneReferenceArgBaseline#limit=1,1 s,1 s,10,10,5
JCTools__JCTools#org.jctools.channels.spsc.SpscProxyChannelBenchmark.tenMixedArgsBaseline#limit=128000,1 s,1 s,10,10,5
JCTools__JCTools#org.jctools.channels.mpsc.MpscProxyChannelBenchmark.oneReferenceArgBaseline#limit=10000,1 s,1 s,10,10,5
ReactiveX__RxJava#io.reactivex.rxjava3.core.CallableAsyncPerf.pipelineCompletable#,10 s,5 s,5,5,1
ReactiveX__RxJava#io.reactivex.rxjava3.core.FlowableFlatMapCompletableAsyncPerf.flatMapCompletable#items=1000&maxConcurrency=8&work=1,10 s,1 s,5,5,1
ReactiveX__RxJava#io.reactivex.rxjava3.core.FlattenRangePerf.observable#times=1000,10 s,1 s,5,5,1
ReactiveX__RxJava#io.reactivex.rxjava3.core.FlowableFlatMapCompletableAsyncPerf.flatMapCompletable#items=10000&maxConcurrency=128&work=10,10 s,1 s,5,5,1
ReactiveX__RxJava#io.reactivex.rxjava3.core.FlattenCrossMapPerf.flowable#times=1000,10 s,1 s,5,5,1
