project_name,benchmark_id
HdrHistogram__HdrHistogram,HdrHistogram__HdrHistogram#bench.HdrHistogramEncodingBench.encodeIntoCompressedByteBuffer#latencySeriesName=case1&numberOfSignificantValueDigits=2
HdrHistogram__HdrHistogram,HdrHistogram__HdrHistogram#bench.HdrHistogramEncodingBench.encodeIntoCompressedByteBuffer#latencySeriesName=case2&numberOfSignificantValueDigits=2
HdrHistogram__HdrHistogram,HdrHistogram__HdrHistogram#bench.HdrHistogramEncodingBench.encodeIntoCompressedByteBuffer#latencySeriesName=case3&numberOfSignificantValueDigits=2
HdrHistogram__HdrHistogram,HdrHistogram__HdrHistogram#bench.HdrHistogramEncodingBench.encodeIntoCompressedByteBuffer#latencySeriesName=case3&numberOfSignificantValueDigits=3
HdrHistogram__HdrHistogram,HdrHistogram__HdrHistogram#bench.HdrHistogramEncodingBench.encodeIntoCompressedByteBuffer#latencySeriesName=sparsed1&numberOfSignificantValueDigits=2
JCTools__JCTools,JCTools__JCTools#org.jctools.channels.mpsc.MpscProxyChannelBenchmark.oneReferenceArgBaseline#limit=10000
JCTools__JCTools,JCTools__JCTools#org.jctools.channels.spsc.SpscProxyChannelBenchmark.alignedPrimitiveArgsBaseline#limit=128000
JCTools__JCTools,JCTools__JCTools#org.jctools.channels.spsc.SpscProxyChannelBenchmark.oneReferenceArgBaseline#limit=1
JCTools__JCTools,JCTools__JCTools#org.jctools.channels.spsc.SpscProxyChannelBenchmark.oneReferenceArgBaseline#limit=128000
JCTools__JCTools,JCTools__JCTools#org.jctools.channels.spsc.SpscProxyChannelBenchmark.tenMixedArgsBaseline#limit=128000
ReactiveX__RxJava,ReactiveX__RxJava#io.reactivex.rxjava3.core.CallableAsyncPerf.pipelineCompletable#
ReactiveX__RxJava,ReactiveX__RxJava#io.reactivex.rxjava3.core.FlattenCrossMapPerf.flowable#times=1000
ReactiveX__RxJava,ReactiveX__RxJava#io.reactivex.rxjava3.core.FlattenRangePerf.observable#times=1000
ReactiveX__RxJava,ReactiveX__RxJava#io.reactivex.rxjava3.core.FlowableFlatMapCompletableAsyncPerf.flatMapCompletable#items=1000&maxConcurrency=8&work=1
ReactiveX__RxJava,ReactiveX__RxJava#io.reactivex.rxjava3.core.FlowableFlatMapCompletableAsyncPerf.flatMapCompletable#items=10000&maxConcurrency=128&work=10
